registrars,registrar_lower,IANA Number,Country/Territory
"! #1 Host Australia, LLC","! #1 host australia, llc",967,United States of America
"! #1 Host Canada, LLC","! #1 host canada, llc",971,United States of America
"! #1 Host China, LLC","! #1 host china, llc",970,United States of America
"! #1 Host Germany, LLC","! #1 host germany, llc",968,United States of America
"! #1 Host Japan, LLC","! #1 host japan, llc",980,United States of America
"! #1 Host Korea, LLC","! #1 host korea, llc",981,United States of America
"$$$ Private Label Internet Service Kiosk, Inc. (dba ""PLISK.com"")","$$$ private label internet service kiosk, inc. (dba ""plisk.com"")",670,United States of America
0.Link Ltd.,0.link ltd.,4549,United Kingdom of Great Britain and Northern Ireland
"007Names, Inc.","007names, inc.",91,United States of America
"0101 Internet, Inc.","0101 internet, inc.",816,"Hong Kong, China"
101domain GRS Limited,101domain grs limited,1011,Ireland
"10dencehispahard, S.L.","10dencehispahard, s.l.",1403,Spain
123-Reg Limited,123-reg limited,1515,United States of America
"123domainrenewals, LLC","123domainrenewals, llc",846,United States of America
"17 Domain 1, Limited","17 domain 1, limited",3876,"Hong Kong, China"
"17 Domain 2, Limited","17 domain 2, limited",3877,"Hong Kong, China"
"17 Domain 3, Limited","17 domain 3, limited",3878,"Hong Kong, China"
"17 Domain 4, Limited","17 domain 4, limited",3879,"Hong Kong, China"
17 Domain Limited,17 domain limited,3872,"Hong Kong, China"
"1800-website, LLC","1800-website, llc",845,United States of America
1API GmbH,1api gmbh,1387,Germany
"1st-for-domain-names, LLC","1st-for-domain-names, llc",856,United States of America
"22net, Inc.","22net, inc.",1555,China
"24x7domains, LLC","24x7domains, llc",855,United States of America
"3DNS, Inc.","3dns, inc.",4330,United States of America
"995discountdomains, LLC","995discountdomains, llc",854,United States of America
"A+ Hosting, Inc. DBA ServerPoint.com","a+ hosting, inc. dba serverpoint.com",4325,United States of America
Abbey Road Domains LLC,abbey road domains llc,3796,United States of America
Abion AB,abion ab,73,Sweden
Above.com Pty Ltd.,above.com pty ltd.,940,Australia
AC Webconnecting N.V. DBA domain.cam,ac webconnecting n.v. dba domain.cam,3785,Curaçao
AccentDomains LLC,accentdomains llc,1613,United States of America
"Access Japan Co, Ltd. dba REGne (www.regne.net)","access japan co, ltd. dba regne (www.regne.net)",3854,Japan
"Acens Technologies, S.L.U.","acens technologies, s.l.u.",140,Spain
Aceville Pte. Ltd.,aceville pte. ltd.,3858,Singapore
Aconcagua Domains LLC,aconcagua domains llc,3797,United States of America
AcquiredNames LLC,acquirednames llc,1677,United States of America
Active Market Domains LLC,active market domains llc,3798,United States of America
Active.Domains Limited Liability Company,active.domains limited liability company,3866,Russian Federation
"Ad Valorem Domains, LLC","ad valorem domains, llc",2329,United States of America
"Address Creation, LLC","address creation, llc",270,United States of America
"Addressontheweb, LLC","addressontheweb, llc",851,United States of America
Adomainofyourown.com LLC,adomainofyourown.com llc,1158,United States of America
Adriatic Domains LLC,adriatic domains llc,3799,United States of America
"Advanced Internet Technologies, Inc. (AIT)","advanced internet technologies, inc. (ait)",57,United States of America
Aegean Domains LLC,aegean domains llc,3800,United States of America
AFRIREGISTER S.A.,afriregister s.a.,1381,Burundi
"Afterdark Domains, LLC","afterdark domains, llc",922,United States of America
"Akky Online Solutions, S.A. de C.V.","akky online solutions, s.a. de c.v.",1705,Mexico
Alantron Inc.,alantron inc.,898,United States of America
Alboran Domains LLC,alboran domains llc,3807,United States of America
"Alethia Domains, LLC","alethia domains, llc",2330,United States of America
"Alfena, LLC","alfena, llc",1241,United States of America
"Alibaba Cloud Computing (Beijing) Co., Ltd.","alibaba cloud computing (beijing) co., ltd.",420,China
Alibaba Cloud Computing Ltd. d/b/a HiChina (www.net.cn),alibaba cloud computing ltd. d/b/a hichina (www.net.cn),1599,China
Alibaba Cloud US LLC,alibaba cloud us llc,3819,United States of America
All Domains LLC,all domains llc,2806,United States of America
"Allaccessdomains, LLC","allaccessdomains, llc",850,United States of America
"Alldomains, LLC","alldomains, llc",144,United States of America
Allearthdomains.com LLC,allearthdomains.com llc,1159,United States of America
Allworldnames.com LLC,allworldnames.com llc,1167,United States of America
Alpha Beta Domains LLC,alpha beta domains llc,3808,United States of America
Alpine Domains Inc.,alpine domains inc.,1432,Canada
Amazon Domain Registrar US LLC,amazon domain registrar us llc,4316,United States of America
"Amazon Registrar, Inc.","amazon registrar, inc.",468,United States of America
"Anessia, LLC","anessia, llc",1594,United States of America
Annapurna Domains LLC,annapurna domains llc,3809,United States of America
Annulet LLC,annulet llc,607,United States of America
"Anytime Sites, LLC","anytime sites, llc",829,India
"AppCroNix Infotech Private Limited, d/b/a VEBONIX","appcronix infotech private limited, d/b/a vebonix",3844,India
April Sea Corporation Company Limited,april sea corporation company limited,1475,Viet Nam
"Aquarius Domains, LLC","aquarius domains, llc",2226,United States of America
Aquila Domains LLC,aquila domains llc,3810,United States of America
"Arab Internet Names, LLC","arab internet names, llc",902,United States of America
Arcanes Technologies,arcanes technologies,3245,Morocco
"Arsys Internet, S.L. dba NICLINE.COM","arsys internet, s.l. dba nicline.com",379,Spain
Aruba SpA,aruba spa,896,Italy
"Ascio Technologies, Inc. Danmark - Filial af Ascio technologies, Inc. USA","ascio technologies, inc. danmark - filial af ascio technologies, inc. usa",106,Denmark
"AsiaDomains, LLC","asiadomains, llc",903,United States of America
Atak Domain Bilgi Teknolojileri A.Ş.,atak domain bilgi teknolojileri a.ş.,1601,Türkiye
ATI,ati,1896,Tunisia
"AtlanticDomains, LLC","atlanticdomains, llc",1670,United States of America
AtlanticFriendNames.com LLC,atlanticfriendnames.com llc,1157,United States of America
Atom.com Domains LLC,atom.com domains llc,4547,United States of America
Atomicdomainnames.com LLC,atomicdomainnames.com llc,1160,United States of America
Australe Domains LLC,australe domains llc,3811,United States of America
"Austriadomains, LLC","austriadomains, llc",853,United States of America
"Austriandomains, LLC","austriandomains, llc",885,United States of America
Authentic Web Inc.,authentic web inc.,1750,Canada
Automattic Inc.,automattic inc.,1531,United States of America
AvidDomain LLC,aviddomain llc,1695,United States of America
"Azdomainz, LLC","azdomainz, llc",1391,United States of America
"Azprivatez, LLC","azprivatez, llc",1392,United States of America
Backstop Names LLC,backstop names llc,2807,United States of America
Baidu Europe B.V.,baidu europe b.v.,3818,United States of America
"Bangning Digital Technology Co.,Ltd","bangning digital technology co.,ltd",4158,China
"Baracuda Domains, LLC","baracuda domains, llc",2331,United States of America
Barbero & Associates Limited,barbero & associates limited,3776,United Kingdom of Great Britain and Northern Ireland
Baronofdomains.com LLC,baronofdomains.com llc,1161,United States of America
BB-Online UK Limited,bb-online uk limited,134,United Kingdom of Great Britain and Northern Ireland
BDL Systemes SAS dba SYSTONIC,bdl systemes sas dba systonic,1673,France
Beartrapdomains.com LLC,beartrapdomains.com llc,1162,United States of America
Beget LLC,beget llc,3806,Russian Federation
"Beijing Baidu Netcom Science Technology Co., Ltd.","beijing baidu netcom science technology co., ltd.",3233,China
Beijing Brandma International Networking Technology Ltd.,beijing brandma international networking technology ltd.,2910,China
"Beijing Guokeyun Computing Technology Co., Ltd","beijing guokeyun computing technology co., ltd",1588,China
"Beijing Guoxu Network Technology Co., Ltd.","beijing guoxu network technology co., ltd.",1494,China
"Beijing HuaRui Wireless Technology Co., Ltd","beijing huarui wireless technology co., ltd",2908,China
Beijing Jingkewang Technology Company Ltd.,beijing jingkewang technology company ltd.,3847,China
"Beijing Volcano Engine Technology Co., Ltd.","beijing volcano engine technology co., ltd.",4153,China
"Beijing Wangzun Technology Co., Ltd.","beijing wangzun technology co., ltd.",1640,China
Beijing ZhongWan Network Technology Co Ltd,beijing zhongwan network technology co ltd,1729,China
Beijing Zhuoyue Shengming Technologies Company Ltd.,beijing zhuoyue shengming technologies company ltd.,1914,China
"Beijing Zihai Technology Co., Ltd","beijing zihai technology co., ltd",1733,China
Belmontdomains.com LLC,belmontdomains.com llc,1163,United States of America
Best Drop Names LLC,best drop names llc,2808,United States of America
Betterthanaveragedomains.com LLC,betterthanaveragedomains.com llc,1164,United States of America
"Bidfordomainnames, LLC","bidfordomainnames, llc",861,United States of America
"Big Dipper Domains, LLC","big dipper domains, llc",2227,United States of America
"Big Domain Shop, LLC","big domain shop, llc",1145,India
"Big House Services, LLC","big house services, llc",1042,United States of America
Biglizarddomains.com LLC,biglizarddomains.com llc,1165,United States of America
BigRock Solutions Ltd,bigrock solutions ltd,1495,India
"Bizcn.com, Inc.","bizcn.com, inc.",471,China
Blacknight Internet Solutions Ltd.,blacknight internet solutions ltd.,1448,Ireland
BlastDomains LLC,blastdomains llc,1678,United States of America
"Blisternet, LLC","blisternet, llc",700,United States of America
BlockHost LLC,blockhost llc,1679,United States of America
Blue Angel Domains LLC,blue angel domains llc,2809,United States of America
"Blue Fractal, LLC","blue fractal, llc",937,India
"Blue Razor Domains, LLC","blue razor domains, llc",612,United States of America
Bluehost Inc.,bluehost inc.,1154,United States of America
Bolster Inc.,bolster inc.,4022,United States of America
Bombora Technologies Pty Ltd,bombora technologies pty ltd,353,Australia
"Bonam Fortunam Domains, LLC","bonam fortunam domains, llc",2332,United States of America
"Bonzai Domains, LLC","bonzai domains, llc",2228,United States of America
BoteroSolutions.com S.A.,boterosolutions.com s.a.,1536,Honduras
Bounce Pass Domains LLC,bounce pass domains llc,2810,United States of America
BR domain Inc. dba namegear.co,br domain inc. dba namegear.co,1898,Japan
Brand Focus Limited,brand focus limited,3883,"Hong Kong, China"
Brandfish.Com Inc,brandfish.com inc,3973,United States of America
"BRANDON GRAY INTERNET SERVICES INC. (dba ""NameJuice.com"")","brandon gray internet services inc. (dba ""namejuice.com"")",636,Canada
"BraveNames, LLC","bravenames, llc",1596,United States of America
Brennercom Limited,brennercom limited,1641,United States of America
"BRS, LLC","brs, llc",1908,United States of America
BullRunDomains.com LLC,bullrundomains.com llc,1166,United States of America
Burnsidedomains.com LLC,burnsidedomains.com llc,1168,United States of America
Butterfly Asset Management Pte. Ltd,butterfly asset management pte. ltd,3874,
Buzinessware FZCO,buzinessware fzco,3801,United Arab Emirates
C-Soft Oy dba NordName,c-soft oy dba nordname,4144,Finland
Canada 001 Names Ltd.,canada 001 names ltd.,3831,China
"Capitaldomains, LLC","capitaldomains, llc",862,United States of America
Catch Deleting Names LLC,catch deleting names llc,2811,United States of America
Catch Domains LLC,catch domains llc,2812,United States of America
CCI REG S.A.,cci reg s.a.,1607,"Panama, Republic of"
Center of Ukrainian Internet Names (UKRNAMES),center of ukrainian internet names (ukrnames),1436,Ukraine
"Chengdu Century Oriental Network Communication Co., Ltd.","chengdu century oriental network communication co., ltd.",1632,China
"Chengdu Fly-Digital Technology Co., Ltd.","chengdu fly-digital technology co., ltd.",1605,China
"Chengdu West Dimension Digital Technology Co., Ltd.","chengdu west dimension digital technology co., ltd.",1556,China
China Organizational Name Service Center of the State Commission Office for Public Sector Reform,china organizational name service center of the state commission office for public sector reform,1379,China
"Chinesedomains, LLC","chinesedomains, llc",858,United States of America
Chipshot Domains LLC,chipshot domains llc,2813,United States of America
"ChocolateChipDomains, LLC","chocolatechipdomains, llc",2229,United States of America
"Chocolatecovereddomains,LLC","chocolatecovereddomains,llc",874,United States of America
"Chunghwa Telecom Co., Ltd.","chunghwa telecom co., ltd.",3830,"Taipei, Chinese"
Circle of Domains LLC,circle of domains llc,2814,United States of America
"Claimeddomains, LLC","claimeddomains, llc",875,United States of America
"Click Registrar, LLC dba publicdomainregistry.com","click registrar, llc dba publicdomainregistry.com",1085,India
Cloud DNS Ltd,cloud dns ltd,4336,Bulgaria
Cloud Yuqu LLC,cloud yuqu llc,3824,China
CLOUD4AFRICA SA,cloud4africa sa,4341,Côte d'Ivoire
"CloudBreakDomains, LLC","cloudbreakdomains, llc",2230,United States of America
"CloudFlare, Inc.","cloudflare, inc.",1910,United States of America
"CloudNineDomain, LLC","cloudninedomain, llc",2231,United States of America
Cluvit Corporation,cluvit corporation,4145,Philippines
CNOBIN INFORMATION TECHNOLOGY LIMITED,cnobin information technology limited,3254,"Hong Kong, China"
"Cocosislandsdomains, LLC","cocosislandsdomains, llc",859,United States of America
"Columbiadomains, LLC","columbiadomains, llc",878,United States of America
Columbianames.com LLC,columbianames.com llc,1169,United States of America
Combell NV,combell nv,1467,Belgium
ComfyDomains LLC,comfydomains llc,1680,United States of America
"Commerce Island, LLC","commerce island, llc",935,India
CommuniGal Communication Ltd.,communigal communication ltd.,418,Israel
Community Advice s.r.o.,community advice s.r.o.,3865,Czech Republic
Compuglobalhypermega.com LLC,compuglobalhypermega.com llc,1170,United States of America
"ConnectWave co.,Ltd","connectwave co.,ltd",1491,"Korea, Republic of"
"Cool Breeze Domains, LLC","cool breeze domains, llc",2252,United States of America
"Cool Ocean, LLC","cool ocean, llc",1093,India
"Cool River Names, LLC","cool river names, llc",2232,United States of America
"Copernicus, Inc.","copernicus, inc.",4328,Japan
Copper Domain Names LLC,copper domain names llc,2815,United States of America
Coral Reef Domains LLC,coral reef domains llc,2816,United States of America
"COREhub, S.R.L.","corehub, s.r.l.",15,Spain
"Corporation Service Company (DBS), Inc.","corporation service company (dbs), inc.",1298,United States of America
Corsearch Domains LLC,corsearch domains llc,642,United States of America
"Cosmotown, Inc.","cosmotown, inc.",1509,United States of America
Costdomain.Com Inc,costdomain.com inc,3974,United States of America
Costrar EOOD,costrar eood,3971,Bulgaria
CPS-Datensysteme GmbH,cps-datensysteme gmbh,1239,Germany
"Crisp Names, LLC","crisp names, llc",831,India
Cronon GmbH,cronon gmbh,141,Germany
Cross Marketing Technology Ltd.,cross marketing technology ltd.,3880,Thailand
"Crystal Coal, LLC","crystal coal, llc",1118,India
"CSC Corporate Domains, Inc.","csc corporate domains, inc.",299,United States of America
CSC Digital Brand Services (UK) Limited,csc digital brand services (uk) limited,430,United States of America
"CSC Management Consulting (Shanghai) Co., Ltd.","csc management consulting (shanghai) co., ltd.",671,United States of America
CSL Computer Service Langenbach GmbH d/b/a joker.com,csl computer service langenbach gmbh d/b/a joker.com,113,Germany
"Curious Net, LLC","curious net, llc",1083,India
Curveball Domains LLC,curveball domains llc,2817,United States of America
CV. Jogjacamp,cv. jogjacamp,1478,Indonesia
CV. Rumahweb Indonesia,cv. rumahweb indonesia,1675,Indonesia
"CyanDomains, Inc.","cyandomains, inc.",1899,"Hong Kong, China"
D3 Registrar Limited,d3 registrar limited,3784,"Virgin Islands, British"
D3Serve Labs Inc. dba Namefi,d3serve labs inc. dba namefi,4337,United States of America
"Dagnabit, LLC","dagnabit, llc",698,United States of America
"Dai Nippon Joho System Co., Ltd.","dai nippon joho system co., ltd.",3244,Japan
"DanCue, LLC","dancue, llc",1595,United States of America
Danesco Trading Ltd.,danesco trading ltd.,1418,Cyprus
Dattatec Corp,dattatec corp,1388,Argentina
DDD TECHNOLOGY PTE. LTD.,ddd technology pte. ltd.,3247,Singapore
"Decentdomains, LLC","decentdomains, llc",877,United States of America
"Deep Dive Domains, LLC","deep dive domains, llc",2333,United States of America
Deep Sea Domains LLC,deep sea domains llc,2818,United States of America
Deep Water Domains LLC,deep water domains llc,2819,United States of America
Deleting Name Zone LLC,deleting name zone llc,2820,United States of America
"Department-of-domains, LLC","department-of-domains, llc",876,United States of America
Deschutesdomains.com LLC,deschutesdomains.com llc,1171,United States of America
"Desert Devil, LLC","desert devil, llc",939,India
"Desert Sand Domains, LLC","desert sand domains, llc",2233,United States of America
"Deutchdomains, LLC","deutchdomains, llc",863,United States of America
Deutsche Telekom AG,deutsche telekom ag,226,Germany
Devexpanse Ltd,devexpanse ltd,4342,United Kingdom of Great Britain and Northern Ireland
"DevilDogDomains.com, LLC","devildogdomains.com, llc",1715,United States of America
Diamatrix C.C.,diamatrix c.c.,1645,South Africa
"Diggitydot, LLC","diggitydot, llc",884,United States of America
"Digital Candy, Inc.","digital candy, inc.",3253,United States of America
Dinahosting s.l.,dinahosting s.l.,1262,Spain
Discount Domain Name Services Pty Ltd,discount domain name services pty ltd,3885,Australia
"Discountdomainservices, LLC","discountdomainservices, llc",883,United States of America
"DNC Holdings, Inc.","dnc holdings, inc.",291,United States of America
DNS Africa Ltd,dns africa ltd,2287,Mauritius
Dnsgulf Pte. Ltd.,dnsgulf pte. ltd.,4149,Singapore
DNSimple Registrar LLC,dnsimple registrar llc,1730,United States of America
"DNSPod, Inc.","dnspod, inc.",1697,China
"Domain (Shanghai) Network Technology Co., Ltd","domain (shanghai) network technology co., ltd",3835,China
"Domain Ala Carte, LLC","domain ala carte, llc",2334,United States of America
"Domain Band, LLC","domain band, llc",1099,India
Domain Bazaar LLC,domain bazaar llc,2821,United States of America
Domain Best Limited,domain best limited,3771,China
"Domain Collage, LLC","domain collage, llc",2335,United States of America
"Domain Esta Aqui, LLC","domain esta aqui, llc",2336,United States of America
Domain Global Services Pte. Ltd.,domain global services pte. ltd.,4039,Singapore
Domain Gold Zone LLC,domain gold zone llc,2822,United States of America
Domain Grabber LLC,domain grabber llc,2823,United States of America
"Domain Guardians, Inc.","domain guardians, inc.",1076,United States of America
Domain International Services Limited,domain international services limited,3863,China
"Domain Jamboree, LLC","domain jamboree, llc",894,United States of America
Domain Landing Zone LLC,domain landing zone llc,2824,United States of America
"Domain Lifestyle, LLC","domain lifestyle, llc",2337,United States of America
"Domain Locale, LLC","domain locale, llc",2338,United States of America
"Domain Mantra, LLC","domain mantra, llc",1098,India
DOMAIN NAME NETWORK PTY LTD,domain name network pty ltd,1527,Australia
"Domain Name Origin, LLC","domain name origin, llc",2253,United States of America
Domain Name Root LLC,domain name root llc,2254,United States of America
DOMAIN ORIENTAL LIMITED,domain oriental limited,3252,"Hong Kong, China"
"Domain Original, LLC","domain original, llc",2339,United States of America
Domain Pickup LLC,domain pickup llc,2825,United States of America
"Domain Pro, LLC","domain pro, llc",413,United States of America
"Domain Registration Services, Inc. dba dotEarth.com","domain registration services, inc. dba dotearth.com",64,United States of America
"Domain Research, LLC","domain research, llc",2484,United States of America
"Domain Rouge, LLC","domain rouge, llc",1043,United States of America
Domain Secure LLC,domain secure llc,2826,United States of America
Domain Source LLC,domain source llc,2827,United States of America
Domain Stopover LLC,domain stopover llc,2828,United States of America
Domain Success LLC,domain success llc,2829,United States of America
Domain The Net Technologies Ltd.,domain the net technologies ltd.,10007,Israel
Domain Vault Limited,domain vault limited,1744,Canada
"Domain-A-Go-Go, LLC","domain-a-go-go, llc",882,United States of America
"Domain-It!, Inc.","domain-it!, inc.",412,United States of America
"Domain.com - Network Solutions, LLC","domain.com - network solutions, llc",886,United States of America
"DomainAdministration.com, LLC","domainadministration.com, llc",996,United States of America
DomainAhead LLC,domainahead llc,1614,United States of America
"DomainAllies.com, Inc.","domainallies.com, inc.",709,United States of America
Domainamania.com LLC,domainamania.com llc,1172,United States of America
Domainarmada.com LLC,domainarmada.com llc,1173,United States of America
"Domainbulkregistration, LLC","domainbulkregistration, llc",881,United States of America
"Domainbusinessnames, LLC","domainbusinessnames, llc",879,United States of America
"Domaincamping, LLC","domaincamping, llc",864,United States of America
Domaincapitan.com LLC,domaincapitan.com llc,1175,United States of America
Domaincatcher LLC,domaincatcher llc,2830,United States of America
Domaincircle LLC,domaincircle llc,2831,United States of America
"Domainclip Domains, Inc.","domainclip domains, inc.",889,Canada
"Domainclub.com, LLC","domainclub.com, llc",880,United States of America
Domaincomesaround.com LLC,domaincomesaround.com llc,1176,United States of America
"DomainContext, Inc.","domaincontext, inc.",1111,United States of America
DomainCraze LLC,domaincraze llc,1681,United States of America
DomainCreek LLC,domaincreek llc,1682,United States of America
DomainCritics LLC,domaincritics llc,1612,United States of America
DomainDelights LLC,domaindelights llc,1576,United States of America
Domaindrop LLC,domaindrop llc,2832,United States of America
"Domainducks, LLC","domainducks, llc",619,United States of America
Domainer Names LLC,domainer names llc,2833,United States of America
DomainExtreme LLC,domainextreme llc,1570,United States of America
DomainFalcon LLC,domainfalcon llc,1568,United States of America
Domaingazelle.com LLC,domaingazelle.com llc,1177,United States of America
DomainGetter LLC,domaingetter llc,1611,United States of America
Domainhawks.net LLC,domainhawks.net llc,1178,United States of America
DomainHood LLC,domainhood llc,1569,United States of America
"Domainhostingweb, LLC","domainhostingweb, llc",866,United States of America
Domainhysteria.com LLC,domainhysteria.com llc,1179,United States of America
"Domaining Oro, LLC","domaining oro, llc",2340,United States of America
"Domaininternetname, LLC","domaininternetname, llc",867,United States of America
Domaininthebasket.com LLC,domaininthebasket.com llc,1180,United States of America
Domaininthehole.com LLC,domaininthehole.com llc,1181,United States of America
Domainipr Limited,domainipr limited,3222,"Hong Kong, China"
Domainjungle.net LLC,domainjungle.net llc,1182,United States of America
DomainLadder LLC,domainladder llc,1683,United States of America
DomainLocal LLC,domainlocal llc,1529,United States of America
"DOMAINNAME BLVD, INC.","domainname blvd, inc.",1870,"Hong Kong, China"
"DomainName Bridge, Inc.","domainname bridge, inc.",1900,"Hong Kong, China"
"DomainName Driveway, Inc.","domainname driveway, inc.",1919,"Hong Kong, China"
"DOMAINNAME FWY, INC.","domainname fwy, inc.",1871,"Hong Kong, China"
DomainName Highway LLC,domainname highway llc,1411,"Hong Kong, China"
"DomainName Parkway, Inc.","domainname parkway, inc.",1920,"Hong Kong, China"
"DomainName Path, Inc.","domainname path, inc.",1907,"Hong Kong, China"
"DomainName.com, Inc.","domainname.com, inc.",450,United States of America
"Domainnamebidder, LLC","domainnamebidder, llc",868,United States of America
"Domainnamelookup, LLC","domainnamelookup, llc",869,United States of America
"Domainnovations, LLC","domainnovations, llc",701,United States of America
DOMAINOO SAS,domainoo sas,1701,France
DomainParkBlock.com LLC,domainparkblock.com llc,1183,United States of America
"DomainPeople, Inc.","domainpeople, inc.",65,United States of America
DomainPicking LLC,domainpicking llc,1684,United States of America
Domainplace LLC,domainplace llc,2834,United States of America
DomainPrime.com LLC,domainprime.com llc,1541,United States of America
DomainProfi GmbH,domainprofi gmbh,4319,Germany
Domainraker.net LLC,domainraker.net llc,1184,United States of America
DomainRegistry.com LLC,domainregistry.com llc,128,United States of America
Domainroyale.com LLC,domainroyale.com llc,1185,United States of America
Domains Etc LLC,domains etc llc,2835,United States of America
Domains Express LLC,domains express llc,2836,United States of America
"Domains of Origin, LLC","domains of origin, llc",2341,United States of America
Domains.coop Limited,domains.coop limited,465,United Kingdom of Great Britain and Northern Ireland
DomainSails.net LLC,domainsails.net llc,1186,United States of America
Domainsalsa.com LLC,domainsalsa.com llc,1187,United States of America
Domainsareforever.net LLC,domainsareforever.net llc,1188,United States of America
DomainsBot S.R.L.,domainsbot s.r.l.,3846,United States of America
Domainshop LLC,domainshop llc,2837,United States of America
"Domainshype.com, LLC","domainshype.com, llc",1660,India
Domainsinthebag.com LLC,domainsinthebag.com llc,1189,United States of America
"DomainSite, Inc.","domainsite, inc.",466,United States of America
Domainsnapper LLC,domainsnapper llc,2838,United States of America
Domainsofcourse.com LLC,domainsofcourse.com llc,1190,United States of America
Domainsoftheday.net LLC,domainsoftheday.net llc,1191,United States of America
Domainsoftheworld.net LLC,domainsoftheworld.net llc,1192,United States of America
Domainsofvalue.com LLC,domainsofvalue.com llc,1193,United States of America
Domainsouffle.com LLC,domainsouffle.com llc,1194,United States of America
Domainsoverboard.com LLC,domainsoverboard.com llc,1195,United States of America
Domainsovereigns.com LLC,domainsovereigns.com llc,1196,United States of America
DomainSpot LLC,domainspot llc,86,United States of America
DomainSprouts.com LLC,domainsprouts.com llc,1197,United States of America
Domainstreetdirect.com LLC,domainstreetdirect.com llc,1198,United States of America
Domainsurgeon.com LLC,domainsurgeon.com llc,1199,United States of America
DomainTact LLC,domaintact llc,1618,United States of America
Domaintimemachine.com LLC,domaintimemachine.com llc,1200,United States of America
"DomaintoOrder, LLC","domaintoorder, llc",2234,United States of America
Domainwards.com LLC,domainwards.com llc,1540,United States of America
Domainyeti.com LLC,domainyeti.com llc,1201,United States of America
"Domdrill.com, LLC","domdrill.com, llc",1661,India
Domeneshop AS dba domainnameshop.com,domeneshop as dba domainnameshop.com,1001,Norway
Dominet (HK) Limited,dominet (hk) limited,3775,"Hong Kong, China"
"Dominion Domains, LLC","dominion domains, llc",2913,United States of America
Domreg Ltd,domreg ltd,381,Russian Federation
Domus Enterprises LLC dba DOMUS,domus enterprises llc dba domus,731,United States of America
Doruk Bilisim Teknolojileri Ltd,doruk bilisim teknolojileri ltd,4544,
Dot Holding Inc.,dot holding inc.,637,United States of America
DotAlliance Inc.,dotalliance inc.,1249,Canada
"DotArai Co., Ltd.","dotarai co., ltd.",1373,Thailand
DotMedia Limited,dotmedia limited,1863,"Hong Kong, China"
Dotname Korea Corp.,dotname korea corp.,1132,"Korea, Republic of"
DotNamed LLC,dotnamed llc,1574,United States of America
DotRoll Kft.,dotroll kft.,1501,Hungary
DotWee Limited,dotwee limited,3870,"Hong Kong, China"
Draftpick Domains LLC,draftpick domains llc,2839,United States of America
"DreamHost, LLC","dreamhost, llc",431,United States of America
Dreamscape Networks International Pte Ltd,dreamscape networks international pte ltd,1291,Singapore
Drop Catch Mining LLC,drop catch mining llc,2840,United States of America
Dropcatch Auction LLC,dropcatch auction llc,2841,United States of America
Dropcatch Landing Spot LLC,dropcatch landing spot llc,2842,United States of America
Dropcatch Marketplace LLC,dropcatch marketplace llc,2843,United States of America
DropCatch.com 1000 LLC,dropcatch.com 1000 llc,2759,United States of America
DropCatch.com 1001 LLC,dropcatch.com 1001 llc,2760,United States of America
DropCatch.com 1002 LLC,dropcatch.com 1002 llc,2761,United States of America
DropCatch.com 1003 LLC,dropcatch.com 1003 llc,2762,United States of America
DropCatch.com 1004 LLC,dropcatch.com 1004 llc,2763,United States of America
DropCatch.com 1005 LLC,dropcatch.com 1005 llc,2764,United States of America
DropCatch.com 1006 LLC,dropcatch.com 1006 llc,2765,United States of America
DropCatch.com 1007 LLC,dropcatch.com 1007 llc,2766,United States of America
DropCatch.com 1008 LLC,dropcatch.com 1008 llc,2767,United States of America
DropCatch.com 1009 LLC,dropcatch.com 1009 llc,2768,United States of America
DropCatch.com 1010 LLC,dropcatch.com 1010 llc,2769,United States of America
DropCatch.com 1011 LLC,dropcatch.com 1011 llc,2770,United States of America
DropCatch.com 1012 LLC,dropcatch.com 1012 llc,2771,United States of America
DropCatch.com 1013 LLC,dropcatch.com 1013 llc,2772,United States of America
DropCatch.com 1014 LLC,dropcatch.com 1014 llc,2773,United States of America
DropCatch.com 1015 LLC,dropcatch.com 1015 llc,2774,United States of America
DropCatch.com 1016 LLC,dropcatch.com 1016 llc,2775,United States of America
DropCatch.com 1017 LLC,dropcatch.com 1017 llc,2776,United States of America
DropCatch.com 1018 LLC,dropcatch.com 1018 llc,2777,United States of America
DropCatch.com 1019 LLC,dropcatch.com 1019 llc,2778,United States of America
DropCatch.com 1020 LLC,dropcatch.com 1020 llc,2779,United States of America
DropCatch.com 1021 LLC,dropcatch.com 1021 llc,2780,United States of America
DropCatch.com 1022 LLC,dropcatch.com 1022 llc,2781,United States of America
DropCatch.com 1023 LLC,dropcatch.com 1023 llc,2782,United States of America
DropCatch.com 1024 LLC,dropcatch.com 1024 llc,2783,United States of America
DropCatch.com 1025 LLC,dropcatch.com 1025 llc,2784,United States of America
DropCatch.com 1026 LLC,dropcatch.com 1026 llc,2785,United States of America
DropCatch.com 1027 LLC,dropcatch.com 1027 llc,2786,United States of America
DropCatch.com 1028 LLC,dropcatch.com 1028 llc,2787,United States of America
DropCatch.com 1029 LLC,dropcatch.com 1029 llc,2788,United States of America
DropCatch.com 1030 LLC,dropcatch.com 1030 llc,2789,United States of America
DropCatch.com 1031 LLC,dropcatch.com 1031 llc,2790,United States of America
DropCatch.com 1032 LLC,dropcatch.com 1032 llc,2791,United States of America
DropCatch.com 1033 LLC,dropcatch.com 1033 llc,2792,United States of America
DropCatch.com 1034 LLC,dropcatch.com 1034 llc,2793,United States of America
DropCatch.com 1035 LLC,dropcatch.com 1035 llc,2794,United States of America
DropCatch.com 1036 LLC,dropcatch.com 1036 llc,2795,United States of America
DropCatch.com 1037 LLC,dropcatch.com 1037 llc,2796,United States of America
DropCatch.com 1038 LLC,dropcatch.com 1038 llc,2797,United States of America
DropCatch.com 1039 LLC,dropcatch.com 1039 llc,2798,United States of America
DropCatch.com 1040 LLC,dropcatch.com 1040 llc,2799,United States of America
DropCatch.com 1041 LLC,dropcatch.com 1041 llc,2800,United States of America
DropCatch.com 1042 LLC,dropcatch.com 1042 llc,2801,United States of America
DropCatch.com 1043 LLC,dropcatch.com 1043 llc,2802,United States of America
DropCatch.com 1044 LLC,dropcatch.com 1044 llc,2803,United States of America
DropCatch.com 1045 LLC,dropcatch.com 1045 llc,2804,United States of America
DropCatch.com 1046 LLC,dropcatch.com 1046 llc,3255,United States of America
DropCatch.com 1047 LLC,dropcatch.com 1047 llc,3256,United States of America
DropCatch.com 1048 LLC,dropcatch.com 1048 llc,3257,United States of America
DropCatch.com 1049 LLC,dropcatch.com 1049 llc,3258,United States of America
DropCatch.com 1050 LLC,dropcatch.com 1050 llc,3259,United States of America
DropCatch.com 1051 LLC,dropcatch.com 1051 llc,3260,United States of America
DropCatch.com 1052 LLC,dropcatch.com 1052 llc,3261,United States of America
DropCatch.com 1053 LLC,dropcatch.com 1053 llc,3262,United States of America
DropCatch.com 1054 LLC,dropcatch.com 1054 llc,3263,United States of America
DropCatch.com 1055 LLC,dropcatch.com 1055 llc,3264,United States of America
DropCatch.com 1056 LLC,dropcatch.com 1056 llc,3265,United States of America
DropCatch.com 1057 LLC,dropcatch.com 1057 llc,3266,United States of America
DropCatch.com 1058 LLC,dropcatch.com 1058 llc,3267,United States of America
DropCatch.com 1059 LLC,dropcatch.com 1059 llc,3268,United States of America
DropCatch.com 1060 LLC,dropcatch.com 1060 llc,3269,United States of America
DropCatch.com 1061 LLC,dropcatch.com 1061 llc,3270,United States of America
DropCatch.com 1062 LLC,dropcatch.com 1062 llc,3271,United States of America
DropCatch.com 1063 LLC,dropcatch.com 1063 llc,3272,United States of America
DropCatch.com 1064 LLC,dropcatch.com 1064 llc,3273,United States of America
DropCatch.com 1065 LLC,dropcatch.com 1065 llc,3274,United States of America
DropCatch.com 1066 LLC,dropcatch.com 1066 llc,3275,United States of America
DropCatch.com 1067 LLC,dropcatch.com 1067 llc,3276,United States of America
DropCatch.com 1068 LLC,dropcatch.com 1068 llc,3277,United States of America
DropCatch.com 1069 LLC,dropcatch.com 1069 llc,3278,United States of America
DropCatch.com 1070 LLC,dropcatch.com 1070 llc,3279,United States of America
DropCatch.com 1071 LLC,dropcatch.com 1071 llc,3280,United States of America
DropCatch.com 1072 LLC,dropcatch.com 1072 llc,3281,United States of America
DropCatch.com 1073 LLC,dropcatch.com 1073 llc,3282,United States of America
DropCatch.com 1074 LLC,dropcatch.com 1074 llc,3283,United States of America
DropCatch.com 1075 LLC,dropcatch.com 1075 llc,3284,United States of America
DropCatch.com 1076 LLC,dropcatch.com 1076 llc,3285,United States of America
DropCatch.com 1077 LLC,dropcatch.com 1077 llc,3286,United States of America
DropCatch.com 1078 LLC,dropcatch.com 1078 llc,3287,United States of America
DropCatch.com 1079 LLC,dropcatch.com 1079 llc,3288,United States of America
DropCatch.com 1080 LLC,dropcatch.com 1080 llc,3289,United States of America
DropCatch.com 1081 LLC,dropcatch.com 1081 llc,3290,United States of America
DropCatch.com 1082 LLC,dropcatch.com 1082 llc,3291,United States of America
DropCatch.com 1083 LLC,dropcatch.com 1083 llc,3292,United States of America
DropCatch.com 1084 LLC,dropcatch.com 1084 llc,3293,United States of America
DropCatch.com 1085 LLC,dropcatch.com 1085 llc,3294,United States of America
DropCatch.com 1086 LLC,dropcatch.com 1086 llc,3295,United States of America
DropCatch.com 1087 LLC,dropcatch.com 1087 llc,3296,United States of America
DropCatch.com 1088 LLC,dropcatch.com 1088 llc,3297,United States of America
DropCatch.com 1089 LLC,dropcatch.com 1089 llc,3298,United States of America
DropCatch.com 1090 LLC,dropcatch.com 1090 llc,3299,United States of America
DropCatch.com 1091 LLC,dropcatch.com 1091 llc,3300,United States of America
DropCatch.com 1092 LLC,dropcatch.com 1092 llc,3301,United States of America
DropCatch.com 1093 LLC,dropcatch.com 1093 llc,3302,United States of America
DropCatch.com 1094 LLC,dropcatch.com 1094 llc,3303,United States of America
DropCatch.com 1095 LLC,dropcatch.com 1095 llc,3304,United States of America
DropCatch.com 1096 LLC,dropcatch.com 1096 llc,3305,United States of America
DropCatch.com 1097 LLC,dropcatch.com 1097 llc,3306,United States of America
DropCatch.com 1098 LLC,dropcatch.com 1098 llc,3307,United States of America
DropCatch.com 1099 LLC,dropcatch.com 1099 llc,3308,United States of America
DropCatch.com 1100 LLC,dropcatch.com 1100 llc,3309,United States of America
DropCatch.com 1101 LLC,dropcatch.com 1101 llc,3310,United States of America
DropCatch.com 1102 LLC,dropcatch.com 1102 llc,3311,United States of America
DropCatch.com 1103 LLC,dropcatch.com 1103 llc,3312,United States of America
DropCatch.com 1104 LLC,dropcatch.com 1104 llc,3313,United States of America
DropCatch.com 1105 LLC,dropcatch.com 1105 llc,3314,United States of America
DropCatch.com 1106 LLC,dropcatch.com 1106 llc,3315,United States of America
DropCatch.com 1107 LLC,dropcatch.com 1107 llc,3316,United States of America
DropCatch.com 1108 LLC,dropcatch.com 1108 llc,3317,United States of America
DropCatch.com 1109 LLC,dropcatch.com 1109 llc,3318,United States of America
DropCatch.com 1110 LLC,dropcatch.com 1110 llc,3319,United States of America
DropCatch.com 1111 LLC,dropcatch.com 1111 llc,3320,United States of America
DropCatch.com 1112 LLC,dropcatch.com 1112 llc,3321,United States of America
DropCatch.com 1113 LLC,dropcatch.com 1113 llc,3322,United States of America
DropCatch.com 1114 LLC,dropcatch.com 1114 llc,3323,United States of America
DropCatch.com 1115 LLC,dropcatch.com 1115 llc,3324,United States of America
DropCatch.com 1116 LLC,dropcatch.com 1116 llc,3325,United States of America
DropCatch.com 1117 LLC,dropcatch.com 1117 llc,3326,United States of America
DropCatch.com 1118 LLC,dropcatch.com 1118 llc,3327,United States of America
DropCatch.com 1119 LLC,dropcatch.com 1119 llc,3328,United States of America
DropCatch.com 1120 LLC,dropcatch.com 1120 llc,3329,United States of America
DropCatch.com 1121 LLC,dropcatch.com 1121 llc,3330,United States of America
DropCatch.com 1122 LLC,dropcatch.com 1122 llc,3331,United States of America
DropCatch.com 1123 LLC,dropcatch.com 1123 llc,3332,United States of America
DropCatch.com 1124 LLC,dropcatch.com 1124 llc,3333,United States of America
DropCatch.com 1125 LLC,dropcatch.com 1125 llc,3334,United States of America
DropCatch.com 1126 LLC,dropcatch.com 1126 llc,3335,United States of America
DropCatch.com 1127 LLC,dropcatch.com 1127 llc,3336,United States of America
DropCatch.com 1128 LLC,dropcatch.com 1128 llc,3337,United States of America
DropCatch.com 1129 LLC,dropcatch.com 1129 llc,3338,United States of America
DropCatch.com 1130 LLC,dropcatch.com 1130 llc,3339,United States of America
DropCatch.com 1131 LLC,dropcatch.com 1131 llc,3340,United States of America
DropCatch.com 1132 LLC,dropcatch.com 1132 llc,3341,United States of America
DropCatch.com 1133 LLC,dropcatch.com 1133 llc,3342,United States of America
DropCatch.com 1134 LLC,dropcatch.com 1134 llc,3343,United States of America
DropCatch.com 1135 LLC,dropcatch.com 1135 llc,3344,United States of America
DropCatch.com 1136 LLC,dropcatch.com 1136 llc,3345,United States of America
DropCatch.com 1137 LLC,dropcatch.com 1137 llc,3346,United States of America
DropCatch.com 1138 LLC,dropcatch.com 1138 llc,3347,United States of America
DropCatch.com 1139 LLC,dropcatch.com 1139 llc,3348,United States of America
DropCatch.com 1140 LLC,dropcatch.com 1140 llc,3349,United States of America
DropCatch.com 1141 LLC,dropcatch.com 1141 llc,3350,United States of America
DropCatch.com 1142 LLC,dropcatch.com 1142 llc,3351,United States of America
DropCatch.com 1143 LLC,dropcatch.com 1143 llc,3352,United States of America
DropCatch.com 1144 LLC,dropcatch.com 1144 llc,3353,United States of America
DropCatch.com 1145 LLC,dropcatch.com 1145 llc,3354,United States of America
DropCatch.com 1146 LLC,dropcatch.com 1146 llc,3355,United States of America
DropCatch.com 1147 LLC,dropcatch.com 1147 llc,3356,United States of America
DropCatch.com 1148 LLC,dropcatch.com 1148 llc,3357,United States of America
DropCatch.com 1149 LLC,dropcatch.com 1149 llc,3358,United States of America
DropCatch.com 1150 LLC,dropcatch.com 1150 llc,3359,United States of America
DropCatch.com 1151 LLC,dropcatch.com 1151 llc,3360,United States of America
DropCatch.com 1152 LLC,dropcatch.com 1152 llc,3361,United States of America
DropCatch.com 1153 LLC,dropcatch.com 1153 llc,3362,United States of America
DropCatch.com 1154 LLC,dropcatch.com 1154 llc,3363,United States of America
DropCatch.com 1155 LLC,dropcatch.com 1155 llc,3364,United States of America
DropCatch.com 1156 LLC,dropcatch.com 1156 llc,3365,United States of America
DropCatch.com 1157 LLC,dropcatch.com 1157 llc,3366,United States of America
DropCatch.com 1158 LLC,dropcatch.com 1158 llc,3367,United States of America
DropCatch.com 1159 LLC,dropcatch.com 1159 llc,3368,United States of America
DropCatch.com 1160 LLC,dropcatch.com 1160 llc,3369,United States of America
DropCatch.com 1161 LLC,dropcatch.com 1161 llc,3370,United States of America
DropCatch.com 1162 LLC,dropcatch.com 1162 llc,3371,United States of America
DropCatch.com 1163 LLC,dropcatch.com 1163 llc,3372,United States of America
DropCatch.com 1164 LLC,dropcatch.com 1164 llc,3373,United States of America
DropCatch.com 1165 LLC,dropcatch.com 1165 llc,3374,United States of America
DropCatch.com 1166 LLC,dropcatch.com 1166 llc,3375,United States of America
DropCatch.com 1167 LLC,dropcatch.com 1167 llc,3376,United States of America
DropCatch.com 1168 LLC,dropcatch.com 1168 llc,3377,United States of America
DropCatch.com 1169 LLC,dropcatch.com 1169 llc,3378,United States of America
DropCatch.com 1170 LLC,dropcatch.com 1170 llc,3379,United States of America
DropCatch.com 1171 LLC,dropcatch.com 1171 llc,3380,United States of America
DropCatch.com 1172 LLC,dropcatch.com 1172 llc,3381,United States of America
DropCatch.com 1173 LLC,dropcatch.com 1173 llc,3382,United States of America
DropCatch.com 1174 LLC,dropcatch.com 1174 llc,3383,United States of America
DropCatch.com 1175 LLC,dropcatch.com 1175 llc,3384,United States of America
DropCatch.com 1176 LLC,dropcatch.com 1176 llc,3385,United States of America
DropCatch.com 1177 LLC,dropcatch.com 1177 llc,3386,United States of America
DropCatch.com 1178 LLC,dropcatch.com 1178 llc,3387,United States of America
DropCatch.com 1179 LLC,dropcatch.com 1179 llc,3388,United States of America
DropCatch.com 1180 LLC,dropcatch.com 1180 llc,3389,United States of America
DropCatch.com 1181 LLC,dropcatch.com 1181 llc,3390,United States of America
DropCatch.com 1182 LLC,dropcatch.com 1182 llc,3391,United States of America
DropCatch.com 1183 LLC,dropcatch.com 1183 llc,3392,United States of America
DropCatch.com 1184 LLC,dropcatch.com 1184 llc,3393,United States of America
DropCatch.com 1185 LLC,dropcatch.com 1185 llc,3394,United States of America
DropCatch.com 1186 LLC,dropcatch.com 1186 llc,3395,United States of America
DropCatch.com 1187 LLC,dropcatch.com 1187 llc,3396,United States of America
DropCatch.com 1188 LLC,dropcatch.com 1188 llc,3397,United States of America
DropCatch.com 1189 LLC,dropcatch.com 1189 llc,3398,United States of America
DropCatch.com 1190 LLC,dropcatch.com 1190 llc,3399,United States of America
DropCatch.com 1191 LLC,dropcatch.com 1191 llc,3400,United States of America
DropCatch.com 1192 LLC,dropcatch.com 1192 llc,3401,United States of America
DropCatch.com 1193 LLC,dropcatch.com 1193 llc,3402,United States of America
DropCatch.com 1194 LLC,dropcatch.com 1194 llc,3403,United States of America
DropCatch.com 1195 LLC,dropcatch.com 1195 llc,3404,United States of America
DropCatch.com 1196 LLC,dropcatch.com 1196 llc,3405,United States of America
DropCatch.com 1197 LLC,dropcatch.com 1197 llc,3406,United States of America
DropCatch.com 1198 LLC,dropcatch.com 1198 llc,3407,United States of America
DropCatch.com 1199 LLC,dropcatch.com 1199 llc,3408,United States of America
DropCatch.com 1200 LLC,dropcatch.com 1200 llc,3409,United States of America
DropCatch.com 1201 LLC,dropcatch.com 1201 llc,3410,United States of America
DropCatch.com 1202 LLC,dropcatch.com 1202 llc,3411,United States of America
DropCatch.com 1203 LLC,dropcatch.com 1203 llc,3412,United States of America
DropCatch.com 1204 LLC,dropcatch.com 1204 llc,3413,United States of America
DropCatch.com 1205 LLC,dropcatch.com 1205 llc,3414,United States of America
DropCatch.com 1206 LLC,dropcatch.com 1206 llc,3415,United States of America
DropCatch.com 1207 LLC,dropcatch.com 1207 llc,3416,United States of America
DropCatch.com 1208 LLC,dropcatch.com 1208 llc,3417,United States of America
DropCatch.com 1209 LLC,dropcatch.com 1209 llc,3418,United States of America
DropCatch.com 1210 LLC,dropcatch.com 1210 llc,3419,United States of America
DropCatch.com 1211 LLC,dropcatch.com 1211 llc,3420,United States of America
DropCatch.com 1212 LLC,dropcatch.com 1212 llc,3421,United States of America
DropCatch.com 1213 LLC,dropcatch.com 1213 llc,3422,United States of America
DropCatch.com 1214 LLC,dropcatch.com 1214 llc,3423,United States of America
DropCatch.com 1215 LLC,dropcatch.com 1215 llc,3424,United States of America
DropCatch.com 1216 LLC,dropcatch.com 1216 llc,3425,United States of America
DropCatch.com 1217 LLC,dropcatch.com 1217 llc,3426,United States of America
DropCatch.com 1218 LLC,dropcatch.com 1218 llc,3427,United States of America
DropCatch.com 1219 LLC,dropcatch.com 1219 llc,3428,United States of America
DropCatch.com 1220 LLC,dropcatch.com 1220 llc,3429,United States of America
DropCatch.com 1221 LLC,dropcatch.com 1221 llc,3430,United States of America
DropCatch.com 1222 LLC,dropcatch.com 1222 llc,3431,United States of America
DropCatch.com 1223 LLC,dropcatch.com 1223 llc,3432,United States of America
DropCatch.com 1224 LLC,dropcatch.com 1224 llc,3433,United States of America
DropCatch.com 1225 LLC,dropcatch.com 1225 llc,3434,United States of America
DropCatch.com 1226 LLC,dropcatch.com 1226 llc,3435,United States of America
DropCatch.com 1227 LLC,dropcatch.com 1227 llc,3436,United States of America
DropCatch.com 1228 LLC,dropcatch.com 1228 llc,3437,United States of America
DropCatch.com 1229 LLC,dropcatch.com 1229 llc,3438,United States of America
DropCatch.com 1230 LLC,dropcatch.com 1230 llc,3439,United States of America
DropCatch.com 1231 LLC,dropcatch.com 1231 llc,3440,United States of America
DropCatch.com 1232 LLC,dropcatch.com 1232 llc,3441,United States of America
DropCatch.com 1233 LLC,dropcatch.com 1233 llc,3442,United States of America
DropCatch.com 1234 LLC,dropcatch.com 1234 llc,3443,United States of America
DropCatch.com 1235 LLC,dropcatch.com 1235 llc,3444,United States of America
DropCatch.com 1236 LLC,dropcatch.com 1236 llc,3445,United States of America
DropCatch.com 1237 LLC,dropcatch.com 1237 llc,3446,United States of America
DropCatch.com 1238 LLC,dropcatch.com 1238 llc,3447,United States of America
DropCatch.com 1239 LLC,dropcatch.com 1239 llc,3448,United States of America
DropCatch.com 1240 LLC,dropcatch.com 1240 llc,3449,United States of America
DropCatch.com 1241 LLC,dropcatch.com 1241 llc,3450,United States of America
DropCatch.com 1242 LLC,dropcatch.com 1242 llc,3451,United States of America
DropCatch.com 1243 LLC,dropcatch.com 1243 llc,3452,United States of America
DropCatch.com 1244 LLC,dropcatch.com 1244 llc,3453,United States of America
DropCatch.com 1245 LLC,dropcatch.com 1245 llc,3454,United States of America
DropCatch.com 1246 LLC,dropcatch.com 1246 llc,3455,United States of America
DropCatch.com 1247 LLC,dropcatch.com 1247 llc,3456,United States of America
DropCatch.com 1248 LLC,dropcatch.com 1248 llc,3457,United States of America
DropCatch.com 1249 LLC,dropcatch.com 1249 llc,3458,United States of America
DropCatch.com 1250 LLC,dropcatch.com 1250 llc,3459,United States of America
DropCatch.com 1251 LLC,dropcatch.com 1251 llc,3460,United States of America
DropCatch.com 1252 LLC,dropcatch.com 1252 llc,3461,United States of America
DropCatch.com 1253 LLC,dropcatch.com 1253 llc,3462,United States of America
DropCatch.com 1254 LLC,dropcatch.com 1254 llc,3463,United States of America
DropCatch.com 1255 LLC,dropcatch.com 1255 llc,3464,United States of America
DropCatch.com 1256 LLC,dropcatch.com 1256 llc,3465,United States of America
DropCatch.com 1257 LLC,dropcatch.com 1257 llc,3466,United States of America
DropCatch.com 1258 LLC,dropcatch.com 1258 llc,3467,United States of America
DropCatch.com 1259 LLC,dropcatch.com 1259 llc,3468,United States of America
DropCatch.com 1260 LLC,dropcatch.com 1260 llc,3469,United States of America
DropCatch.com 1261 LLC,dropcatch.com 1261 llc,3470,United States of America
DropCatch.com 1262 LLC,dropcatch.com 1262 llc,3471,United States of America
DropCatch.com 1263 LLC,dropcatch.com 1263 llc,3472,United States of America
DropCatch.com 1264 LLC,dropcatch.com 1264 llc,3473,United States of America
DropCatch.com 1265 LLC,dropcatch.com 1265 llc,3474,United States of America
DropCatch.com 1266 LLC,dropcatch.com 1266 llc,3475,United States of America
DropCatch.com 1267 LLC,dropcatch.com 1267 llc,3476,United States of America
DropCatch.com 1268 LLC,dropcatch.com 1268 llc,3477,United States of America
DropCatch.com 1269 LLC,dropcatch.com 1269 llc,3478,United States of America
DropCatch.com 1270 LLC,dropcatch.com 1270 llc,3479,United States of America
DropCatch.com 1271 LLC,dropcatch.com 1271 llc,3480,United States of America
DropCatch.com 1272 LLC,dropcatch.com 1272 llc,3481,United States of America
DropCatch.com 1273 LLC,dropcatch.com 1273 llc,3482,United States of America
DropCatch.com 1274 LLC,dropcatch.com 1274 llc,3483,United States of America
DropCatch.com 1275 LLC,dropcatch.com 1275 llc,3484,United States of America
DropCatch.com 1276 LLC,dropcatch.com 1276 llc,3485,United States of America
DropCatch.com 1277 LLC,dropcatch.com 1277 llc,3486,United States of America
DropCatch.com 1278 LLC,dropcatch.com 1278 llc,3487,United States of America
DropCatch.com 1279 LLC,dropcatch.com 1279 llc,3488,United States of America
DropCatch.com 1280 LLC,dropcatch.com 1280 llc,3489,United States of America
DropCatch.com 1281 LLC,dropcatch.com 1281 llc,3490,United States of America
DropCatch.com 1282 LLC,dropcatch.com 1282 llc,3491,United States of America
DropCatch.com 1283 LLC,dropcatch.com 1283 llc,3492,United States of America
DropCatch.com 1284 LLC,dropcatch.com 1284 llc,3493,United States of America
DropCatch.com 1285 LLC,dropcatch.com 1285 llc,3494,United States of America
DropCatch.com 1286 LLC,dropcatch.com 1286 llc,3495,United States of America
DropCatch.com 1287 LLC,dropcatch.com 1287 llc,3496,United States of America
DropCatch.com 1288 LLC,dropcatch.com 1288 llc,3497,United States of America
DropCatch.com 1289 LLC,dropcatch.com 1289 llc,3498,United States of America
DropCatch.com 1290 LLC,dropcatch.com 1290 llc,3499,United States of America
DropCatch.com 1291 LLC,dropcatch.com 1291 llc,3500,United States of America
DropCatch.com 1292 LLC,dropcatch.com 1292 llc,3501,United States of America
DropCatch.com 1293 LLC,dropcatch.com 1293 llc,3502,United States of America
DropCatch.com 1294 LLC,dropcatch.com 1294 llc,3503,United States of America
DropCatch.com 1295 LLC,dropcatch.com 1295 llc,3504,United States of America
DropCatch.com 1296 LLC,dropcatch.com 1296 llc,3505,United States of America
DropCatch.com 1297 LLC,dropcatch.com 1297 llc,3506,United States of America
DropCatch.com 1298 LLC,dropcatch.com 1298 llc,3507,United States of America
DropCatch.com 1299 LLC,dropcatch.com 1299 llc,3508,United States of America
DropCatch.com 1300 LLC,dropcatch.com 1300 llc,3509,United States of America
DropCatch.com 1301 LLC,dropcatch.com 1301 llc,3510,United States of America
DropCatch.com 1302 LLC,dropcatch.com 1302 llc,3511,United States of America
DropCatch.com 1303 LLC,dropcatch.com 1303 llc,3512,United States of America
DropCatch.com 1304 LLC,dropcatch.com 1304 llc,3513,United States of America
DropCatch.com 1305 LLC,dropcatch.com 1305 llc,3514,United States of America
DropCatch.com 1306 LLC,dropcatch.com 1306 llc,3515,United States of America
DropCatch.com 1307 LLC,dropcatch.com 1307 llc,3516,United States of America
DropCatch.com 1308 LLC,dropcatch.com 1308 llc,3517,United States of America
DropCatch.com 1309 LLC,dropcatch.com 1309 llc,3518,United States of America
DropCatch.com 1310 LLC,dropcatch.com 1310 llc,3519,United States of America
DropCatch.com 1311 LLC,dropcatch.com 1311 llc,3520,United States of America
DropCatch.com 1312 LLC,dropcatch.com 1312 llc,3521,United States of America
DropCatch.com 1313 LLC,dropcatch.com 1313 llc,3522,United States of America
DropCatch.com 1314 LLC,dropcatch.com 1314 llc,3523,United States of America
DropCatch.com 1315 LLC,dropcatch.com 1315 llc,3524,United States of America
DropCatch.com 1316 LLC,dropcatch.com 1316 llc,3525,United States of America
DropCatch.com 1317 LLC,dropcatch.com 1317 llc,3526,United States of America
DropCatch.com 1318 LLC,dropcatch.com 1318 llc,3527,United States of America
DropCatch.com 1319 LLC,dropcatch.com 1319 llc,3528,United States of America
DropCatch.com 1320 LLC,dropcatch.com 1320 llc,3529,United States of America
DropCatch.com 1321 LLC,dropcatch.com 1321 llc,3530,United States of America
DropCatch.com 1322 LLC,dropcatch.com 1322 llc,3531,United States of America
DropCatch.com 1323 LLC,dropcatch.com 1323 llc,3532,United States of America
DropCatch.com 1324 LLC,dropcatch.com 1324 llc,3533,United States of America
DropCatch.com 1325 LLC,dropcatch.com 1325 llc,3534,United States of America
DropCatch.com 1326 LLC,dropcatch.com 1326 llc,3535,United States of America
DropCatch.com 1327 LLC,dropcatch.com 1327 llc,3536,United States of America
DropCatch.com 1328 LLC,dropcatch.com 1328 llc,3537,United States of America
DropCatch.com 1329 LLC,dropcatch.com 1329 llc,3538,United States of America
DropCatch.com 1330 LLC,dropcatch.com 1330 llc,3539,United States of America
DropCatch.com 1331 LLC,dropcatch.com 1331 llc,3540,United States of America
DropCatch.com 1332 LLC,dropcatch.com 1332 llc,3541,United States of America
DropCatch.com 1333 LLC,dropcatch.com 1333 llc,3542,United States of America
DropCatch.com 1334 LLC,dropcatch.com 1334 llc,3543,United States of America
DropCatch.com 1335 LLC,dropcatch.com 1335 llc,3544,United States of America
DropCatch.com 1336 LLC,dropcatch.com 1336 llc,3545,United States of America
DropCatch.com 1337 LLC,dropcatch.com 1337 llc,3546,United States of America
DropCatch.com 1338 LLC,dropcatch.com 1338 llc,3547,United States of America
DropCatch.com 1339 LLC,dropcatch.com 1339 llc,3548,United States of America
DropCatch.com 1340 LLC,dropcatch.com 1340 llc,3549,United States of America
DropCatch.com 1341 LLC,dropcatch.com 1341 llc,3550,United States of America
DropCatch.com 1342 LLC,dropcatch.com 1342 llc,3551,United States of America
DropCatch.com 1343 LLC,dropcatch.com 1343 llc,3552,United States of America
DropCatch.com 1344 LLC,dropcatch.com 1344 llc,3553,United States of America
DropCatch.com 1345 LLC,dropcatch.com 1345 llc,3554,United States of America
DropCatch.com 1346 LLC,dropcatch.com 1346 llc,3555,United States of America
DropCatch.com 1347 LLC,dropcatch.com 1347 llc,3556,United States of America
DropCatch.com 1348 LLC,dropcatch.com 1348 llc,3557,United States of America
DropCatch.com 1349 LLC,dropcatch.com 1349 llc,3558,United States of America
DropCatch.com 1350 LLC,dropcatch.com 1350 llc,3559,United States of America
DropCatch.com 1351 LLC,dropcatch.com 1351 llc,3560,United States of America
DropCatch.com 1352 LLC,dropcatch.com 1352 llc,3561,United States of America
DropCatch.com 1353 LLC,dropcatch.com 1353 llc,3562,United States of America
DropCatch.com 1354 LLC,dropcatch.com 1354 llc,3563,United States of America
DropCatch.com 1355 LLC,dropcatch.com 1355 llc,3564,United States of America
DropCatch.com 1356 LLC,dropcatch.com 1356 llc,3565,United States of America
DropCatch.com 1357 LLC,dropcatch.com 1357 llc,3566,United States of America
DropCatch.com 1358 LLC,dropcatch.com 1358 llc,3567,United States of America
DropCatch.com 1359 LLC,dropcatch.com 1359 llc,3568,United States of America
DropCatch.com 1360 LLC,dropcatch.com 1360 llc,3569,United States of America
DropCatch.com 1361 LLC,dropcatch.com 1361 llc,3570,United States of America
DropCatch.com 1362 LLC,dropcatch.com 1362 llc,3571,United States of America
DropCatch.com 1363 LLC,dropcatch.com 1363 llc,3572,United States of America
DropCatch.com 1364 LLC,dropcatch.com 1364 llc,3573,United States of America
DropCatch.com 1365 LLC,dropcatch.com 1365 llc,3574,United States of America
DropCatch.com 1366 LLC,dropcatch.com 1366 llc,3575,United States of America
DropCatch.com 1367 LLC,dropcatch.com 1367 llc,3576,United States of America
DropCatch.com 1368 LLC,dropcatch.com 1368 llc,3577,United States of America
DropCatch.com 1369 LLC,dropcatch.com 1369 llc,3578,United States of America
DropCatch.com 1370 LLC,dropcatch.com 1370 llc,3579,United States of America
DropCatch.com 1371 LLC,dropcatch.com 1371 llc,3580,United States of America
DropCatch.com 1372 LLC,dropcatch.com 1372 llc,3581,United States of America
DropCatch.com 1373 LLC,dropcatch.com 1373 llc,3582,United States of America
DropCatch.com 1374 LLC,dropcatch.com 1374 llc,3583,United States of America
DropCatch.com 1375 LLC,dropcatch.com 1375 llc,3584,United States of America
DropCatch.com 1376 LLC,dropcatch.com 1376 llc,3585,United States of America
DropCatch.com 1377 LLC,dropcatch.com 1377 llc,3586,United States of America
DropCatch.com 1378 LLC,dropcatch.com 1378 llc,3587,United States of America
DropCatch.com 1379 LLC,dropcatch.com 1379 llc,3588,United States of America
DropCatch.com 1380 LLC,dropcatch.com 1380 llc,3589,United States of America
DropCatch.com 1381 LLC,dropcatch.com 1381 llc,3590,United States of America
DropCatch.com 1382 LLC,dropcatch.com 1382 llc,3591,United States of America
DropCatch.com 1383 LLC,dropcatch.com 1383 llc,3592,United States of America
DropCatch.com 1384 LLC,dropcatch.com 1384 llc,3593,United States of America
DropCatch.com 1385 LLC,dropcatch.com 1385 llc,3594,United States of America
DropCatch.com 1386 LLC,dropcatch.com 1386 llc,3595,United States of America
DropCatch.com 1387 LLC,dropcatch.com 1387 llc,3596,United States of America
DropCatch.com 1388 LLC,dropcatch.com 1388 llc,3597,United States of America
DropCatch.com 1389 LLC,dropcatch.com 1389 llc,3598,United States of America
DropCatch.com 1390 LLC,dropcatch.com 1390 llc,3599,United States of America
DropCatch.com 1391 LLC,dropcatch.com 1391 llc,3600,United States of America
DropCatch.com 1392 LLC,dropcatch.com 1392 llc,3601,United States of America
DropCatch.com 1393 LLC,dropcatch.com 1393 llc,3602,United States of America
DropCatch.com 1394 LLC,dropcatch.com 1394 llc,3603,United States of America
DropCatch.com 1395 LLC,dropcatch.com 1395 llc,3604,United States of America
DropCatch.com 1396 LLC,dropcatch.com 1396 llc,3605,United States of America
DropCatch.com 1397 LLC,dropcatch.com 1397 llc,3606,United States of America
DropCatch.com 1398 LLC,dropcatch.com 1398 llc,3607,United States of America
DropCatch.com 1399 LLC,dropcatch.com 1399 llc,3608,United States of America
DropCatch.com 1400 LLC,dropcatch.com 1400 llc,3609,United States of America
DropCatch.com 1401 LLC,dropcatch.com 1401 llc,3610,United States of America
DropCatch.com 1402 LLC,dropcatch.com 1402 llc,3611,United States of America
DropCatch.com 1403 LLC,dropcatch.com 1403 llc,3612,United States of America
DropCatch.com 1404 LLC,dropcatch.com 1404 llc,3613,United States of America
DropCatch.com 1405 LLC,dropcatch.com 1405 llc,3614,United States of America
DropCatch.com 1406 LLC,dropcatch.com 1406 llc,3615,United States of America
DropCatch.com 1407 LLC,dropcatch.com 1407 llc,3616,United States of America
DropCatch.com 1408 LLC,dropcatch.com 1408 llc,3617,United States of America
DropCatch.com 1409 LLC,dropcatch.com 1409 llc,3618,United States of America
DropCatch.com 1410 LLC,dropcatch.com 1410 llc,3619,United States of America
DropCatch.com 1411 LLC,dropcatch.com 1411 llc,3620,United States of America
DropCatch.com 1412 LLC,dropcatch.com 1412 llc,3621,United States of America
DropCatch.com 1413 LLC,dropcatch.com 1413 llc,3622,United States of America
DropCatch.com 1414 LLC,dropcatch.com 1414 llc,3623,United States of America
DropCatch.com 1415 LLC,dropcatch.com 1415 llc,3624,United States of America
DropCatch.com 1416 LLC,dropcatch.com 1416 llc,3625,United States of America
DropCatch.com 1417 LLC,dropcatch.com 1417 llc,3626,United States of America
DropCatch.com 1418 LLC,dropcatch.com 1418 llc,3627,United States of America
DropCatch.com 1419 LLC,dropcatch.com 1419 llc,3628,United States of America
DropCatch.com 1420 LLC,dropcatch.com 1420 llc,3629,United States of America
DropCatch.com 1421 LLC,dropcatch.com 1421 llc,3630,United States of America
DropCatch.com 1422 LLC,dropcatch.com 1422 llc,3631,United States of America
DropCatch.com 1423 LLC,dropcatch.com 1423 llc,3632,United States of America
DropCatch.com 1424 LLC,dropcatch.com 1424 llc,3633,United States of America
DropCatch.com 1425 LLC,dropcatch.com 1425 llc,3634,United States of America
DropCatch.com 1426 LLC,dropcatch.com 1426 llc,3635,United States of America
DropCatch.com 1427 LLC,dropcatch.com 1427 llc,3636,United States of America
DropCatch.com 1428 LLC,dropcatch.com 1428 llc,3637,United States of America
DropCatch.com 1429 LLC,dropcatch.com 1429 llc,3638,United States of America
DropCatch.com 1430 LLC,dropcatch.com 1430 llc,3639,United States of America
DropCatch.com 1431 LLC,dropcatch.com 1431 llc,3640,United States of America
DropCatch.com 1432 LLC,dropcatch.com 1432 llc,3641,United States of America
DropCatch.com 1433 LLC,dropcatch.com 1433 llc,3642,United States of America
DropCatch.com 1434 LLC,dropcatch.com 1434 llc,3643,United States of America
DropCatch.com 1435 LLC,dropcatch.com 1435 llc,3644,United States of America
DropCatch.com 1436 LLC,dropcatch.com 1436 llc,3645,United States of America
DropCatch.com 1437 LLC,dropcatch.com 1437 llc,3646,United States of America
DropCatch.com 1438 LLC,dropcatch.com 1438 llc,3647,United States of America
DropCatch.com 1439 LLC,dropcatch.com 1439 llc,3648,United States of America
DropCatch.com 1440 LLC,dropcatch.com 1440 llc,3649,United States of America
DropCatch.com 1441 LLC,dropcatch.com 1441 llc,3650,United States of America
DropCatch.com 1442 LLC,dropcatch.com 1442 llc,3651,United States of America
DropCatch.com 1443 LLC,dropcatch.com 1443 llc,3652,United States of America
DropCatch.com 1444 LLC,dropcatch.com 1444 llc,3653,United States of America
DropCatch.com 1445 LLC,dropcatch.com 1445 llc,3654,United States of America
DropCatch.com 1446 LLC,dropcatch.com 1446 llc,3655,United States of America
DropCatch.com 1447 LLC,dropcatch.com 1447 llc,3656,United States of America
DropCatch.com 1448 LLC,dropcatch.com 1448 llc,3657,United States of America
DropCatch.com 1449 LLC,dropcatch.com 1449 llc,3658,United States of America
DropCatch.com 1450 LLC,dropcatch.com 1450 llc,3659,United States of America
DropCatch.com 1451 LLC,dropcatch.com 1451 llc,3660,United States of America
DropCatch.com 1452 LLC,dropcatch.com 1452 llc,3661,United States of America
DropCatch.com 1453 LLC,dropcatch.com 1453 llc,3662,United States of America
DropCatch.com 1454 LLC,dropcatch.com 1454 llc,3663,United States of America
DropCatch.com 1455 LLC,dropcatch.com 1455 llc,3664,United States of America
DropCatch.com 1456 LLC,dropcatch.com 1456 llc,3665,United States of America
DropCatch.com 1457 LLC,dropcatch.com 1457 llc,3666,United States of America
DropCatch.com 1458 LLC,dropcatch.com 1458 llc,3667,United States of America
DropCatch.com 1459 LLC,dropcatch.com 1459 llc,3668,United States of America
DropCatch.com 1460 LLC,dropcatch.com 1460 llc,3669,United States of America
DropCatch.com 1461 LLC,dropcatch.com 1461 llc,3670,United States of America
DropCatch.com 1462 LLC,dropcatch.com 1462 llc,3671,United States of America
DropCatch.com 1463 LLC,dropcatch.com 1463 llc,3672,United States of America
DropCatch.com 1464 LLC,dropcatch.com 1464 llc,3673,United States of America
DropCatch.com 1465 LLC,dropcatch.com 1465 llc,3674,United States of America
DropCatch.com 1466 LLC,dropcatch.com 1466 llc,3675,United States of America
DropCatch.com 1467 LLC,dropcatch.com 1467 llc,3676,United States of America
DropCatch.com 1468 LLC,dropcatch.com 1468 llc,3677,United States of America
DropCatch.com 1469 LLC,dropcatch.com 1469 llc,3678,United States of America
DropCatch.com 1470 LLC,dropcatch.com 1470 llc,3679,United States of America
DropCatch.com 1471 LLC,dropcatch.com 1471 llc,3680,United States of America
DropCatch.com 1472 LLC,dropcatch.com 1472 llc,3681,United States of America
DropCatch.com 1473 LLC,dropcatch.com 1473 llc,3682,United States of America
DropCatch.com 1474 LLC,dropcatch.com 1474 llc,3683,United States of America
DropCatch.com 1475 LLC,dropcatch.com 1475 llc,3684,United States of America
DropCatch.com 1476 LLC,dropcatch.com 1476 llc,3685,United States of America
DropCatch.com 1477 LLC,dropcatch.com 1477 llc,3686,United States of America
DropCatch.com 1478 LLC,dropcatch.com 1478 llc,3687,United States of America
DropCatch.com 1479 LLC,dropcatch.com 1479 llc,3688,United States of America
DropCatch.com 1480 LLC,dropcatch.com 1480 llc,3689,United States of America
DropCatch.com 1481 LLC,dropcatch.com 1481 llc,3690,United States of America
DropCatch.com 1482 LLC,dropcatch.com 1482 llc,3691,United States of America
DropCatch.com 1483 LLC,dropcatch.com 1483 llc,3692,United States of America
DropCatch.com 1484 LLC,dropcatch.com 1484 llc,3693,United States of America
DropCatch.com 1485 LLC,dropcatch.com 1485 llc,3694,United States of America
DropCatch.com 1486 LLC,dropcatch.com 1486 llc,3695,United States of America
DropCatch.com 1487 LLC,dropcatch.com 1487 llc,3696,United States of America
DropCatch.com 1488 LLC,dropcatch.com 1488 llc,3697,United States of America
DropCatch.com 1489 LLC,dropcatch.com 1489 llc,3698,United States of America
DropCatch.com 1490 LLC,dropcatch.com 1490 llc,3699,United States of America
DropCatch.com 1491 LLC,dropcatch.com 1491 llc,3700,United States of America
DropCatch.com 1492 LLC,dropcatch.com 1492 llc,3701,United States of America
DropCatch.com 1493 LLC,dropcatch.com 1493 llc,3702,United States of America
DropCatch.com 1494 LLC,dropcatch.com 1494 llc,3703,United States of America
DropCatch.com 1495 LLC,dropcatch.com 1495 llc,3704,United States of America
DropCatch.com 1496 LLC,dropcatch.com 1496 llc,3705,United States of America
DropCatch.com 1497 LLC,dropcatch.com 1497 llc,3706,United States of America
DropCatch.com 1498 LLC,dropcatch.com 1498 llc,3707,United States of America
DropCatch.com 1499 LLC,dropcatch.com 1499 llc,3708,United States of America
DropCatch.com 1500 LLC,dropcatch.com 1500 llc,3709,United States of America
DropCatch.com 1501 LLC,dropcatch.com 1501 llc,3710,United States of America
DropCatch.com 1502 LLC,dropcatch.com 1502 llc,3711,United States of America
DropCatch.com 1503 LLC,dropcatch.com 1503 llc,3712,United States of America
DropCatch.com 1504 LLC,dropcatch.com 1504 llc,3713,United States of America
DropCatch.com 1505 LLC,dropcatch.com 1505 llc,3714,United States of America
DropCatch.com 1506 LLC,dropcatch.com 1506 llc,3715,United States of America
DropCatch.com 1507 LLC,dropcatch.com 1507 llc,3716,United States of America
DropCatch.com 1508 LLC,dropcatch.com 1508 llc,3717,United States of America
DropCatch.com 1509 LLC,dropcatch.com 1509 llc,3718,United States of America
DropCatch.com 1510 LLC,dropcatch.com 1510 llc,3719,United States of America
DropCatch.com 1511 LLC,dropcatch.com 1511 llc,3720,United States of America
DropCatch.com 1512 LLC,dropcatch.com 1512 llc,3721,United States of America
DropCatch.com 1513 LLC,dropcatch.com 1513 llc,3722,United States of America
DropCatch.com 1514 LLC,dropcatch.com 1514 llc,3723,United States of America
DropCatch.com 1515 LLC,dropcatch.com 1515 llc,3724,United States of America
DropCatch.com 1516 LLC,dropcatch.com 1516 llc,3725,United States of America
DropCatch.com 1517 LLC,dropcatch.com 1517 llc,3726,United States of America
DropCatch.com 1518 LLC,dropcatch.com 1518 llc,3727,United States of America
DropCatch.com 1519 LLC,dropcatch.com 1519 llc,3728,United States of America
DropCatch.com 1520 LLC,dropcatch.com 1520 llc,3729,United States of America
DropCatch.com 1521 LLC,dropcatch.com 1521 llc,3730,United States of America
DropCatch.com 1522 LLC,dropcatch.com 1522 llc,3731,United States of America
DropCatch.com 1523 LLC,dropcatch.com 1523 llc,3732,United States of America
DropCatch.com 1524 LLC,dropcatch.com 1524 llc,3733,United States of America
DropCatch.com 1525 LLC,dropcatch.com 1525 llc,3734,United States of America
DropCatch.com 1526 LLC,dropcatch.com 1526 llc,3735,United States of America
DropCatch.com 1527 LLC,dropcatch.com 1527 llc,3736,United States of America
DropCatch.com 1528 LLC,dropcatch.com 1528 llc,3737,United States of America
DropCatch.com 1529 LLC,dropcatch.com 1529 llc,3738,United States of America
DropCatch.com 1530 LLC,dropcatch.com 1530 llc,3739,United States of America
DropCatch.com 1531 LLC,dropcatch.com 1531 llc,3740,United States of America
DropCatch.com 1532 LLC,dropcatch.com 1532 llc,3741,United States of America
DropCatch.com 1533 LLC,dropcatch.com 1533 llc,3742,United States of America
DropCatch.com 1534 LLC,dropcatch.com 1534 llc,3743,United States of America
DropCatch.com 1535 LLC,dropcatch.com 1535 llc,3744,United States of America
DropCatch.com 1536 LLC,dropcatch.com 1536 llc,3745,United States of America
DropCatch.com 1537 LLC,dropcatch.com 1537 llc,3746,United States of America
DropCatch.com 1538 LLC,dropcatch.com 1538 llc,3747,United States of America
DropCatch.com 1539 LLC,dropcatch.com 1539 llc,3748,United States of America
DropCatch.com 1540 LLC,dropcatch.com 1540 llc,3749,United States of America
DropCatch.com 1541 LLC,dropcatch.com 1541 llc,3750,United States of America
DropCatch.com 1542 LLC,dropcatch.com 1542 llc,3751,United States of America
DropCatch.com 1543 LLC,dropcatch.com 1543 llc,3752,United States of America
DropCatch.com 1544 LLC,dropcatch.com 1544 llc,3753,United States of America
DropCatch.com 1545 LLC,dropcatch.com 1545 llc,3754,United States of America
DropCatch.com 345 LLC,dropcatch.com 345 llc,1756,United States of America
DropCatch.com 346 LLC,dropcatch.com 346 llc,1757,United States of America
DropCatch.com 347 LLC,dropcatch.com 347 llc,1758,United States of America
DropCatch.com 348 LLC,dropcatch.com 348 llc,1759,United States of America
DropCatch.com 349 LLC,dropcatch.com 349 llc,1760,United States of America
DropCatch.com 350 LLC,dropcatch.com 350 llc,1761,United States of America
DropCatch.com 351 LLC,dropcatch.com 351 llc,1762,United States of America
DropCatch.com 352 LLC,dropcatch.com 352 llc,1763,United States of America
DropCatch.com 353 LLC,dropcatch.com 353 llc,1764,United States of America
DropCatch.com 354 LLC,dropcatch.com 354 llc,1765,United States of America
DropCatch.com 355 LLC,dropcatch.com 355 llc,1766,United States of America
DropCatch.com 356 LLC,dropcatch.com 356 llc,1767,United States of America
DropCatch.com 357 LLC,dropcatch.com 357 llc,1768,United States of America
DropCatch.com 358 LLC,dropcatch.com 358 llc,1769,United States of America
DropCatch.com 359 LLC,dropcatch.com 359 llc,1770,United States of America
DropCatch.com 360 LLC,dropcatch.com 360 llc,1771,United States of America
DropCatch.com 361 LLC,dropcatch.com 361 llc,1772,United States of America
DropCatch.com 362 LLC,dropcatch.com 362 llc,1773,United States of America
DropCatch.com 363 LLC,dropcatch.com 363 llc,1774,United States of America
DropCatch.com 364 LLC,dropcatch.com 364 llc,1775,United States of America
DropCatch.com 365 LLC,dropcatch.com 365 llc,1776,United States of America
DropCatch.com 366 LLC,dropcatch.com 366 llc,1777,United States of America
DropCatch.com 367 LLC,dropcatch.com 367 llc,1778,United States of America
DropCatch.com 368 LLC,dropcatch.com 368 llc,1779,United States of America
DropCatch.com 369 LLC,dropcatch.com 369 llc,1780,United States of America
DropCatch.com 370 LLC,dropcatch.com 370 llc,1781,United States of America
DropCatch.com 371 LLC,dropcatch.com 371 llc,1782,United States of America
DropCatch.com 372 LLC,dropcatch.com 372 llc,1783,United States of America
DropCatch.com 373 LLC,dropcatch.com 373 llc,1784,United States of America
DropCatch.com 374 LLC,dropcatch.com 374 llc,1785,United States of America
DropCatch.com 375 LLC,dropcatch.com 375 llc,1786,United States of America
DropCatch.com 376 LLC,dropcatch.com 376 llc,1787,United States of America
DropCatch.com 377 LLC,dropcatch.com 377 llc,1788,United States of America
DropCatch.com 378 LLC,dropcatch.com 378 llc,1789,United States of America
DropCatch.com 379 LLC,dropcatch.com 379 llc,1790,United States of America
DropCatch.com 380 LLC,dropcatch.com 380 llc,1791,United States of America
DropCatch.com 381 LLC,dropcatch.com 381 llc,1792,United States of America
DropCatch.com 382 LLC,dropcatch.com 382 llc,1793,United States of America
DropCatch.com 383 LLC,dropcatch.com 383 llc,1794,United States of America
DropCatch.com 384 LLC,dropcatch.com 384 llc,1795,United States of America
DropCatch.com 385 LLC,dropcatch.com 385 llc,1796,United States of America
DropCatch.com 386 LLC,dropcatch.com 386 llc,1797,United States of America
DropCatch.com 387 LLC,dropcatch.com 387 llc,1798,United States of America
DropCatch.com 388 LLC,dropcatch.com 388 llc,1799,United States of America
DropCatch.com 389 LLC,dropcatch.com 389 llc,1800,United States of America
DropCatch.com 390 LLC,dropcatch.com 390 llc,1801,United States of America
DropCatch.com 391 LLC,dropcatch.com 391 llc,1802,United States of America
DropCatch.com 392 LLC,dropcatch.com 392 llc,1803,United States of America
DropCatch.com 393 LLC,dropcatch.com 393 llc,1804,United States of America
DropCatch.com 394 LLC,dropcatch.com 394 llc,1805,United States of America
DropCatch.com 395 LLC,dropcatch.com 395 llc,1806,United States of America
DropCatch.com 396 LLC,dropcatch.com 396 llc,1807,United States of America
DropCatch.com 397 LLC,dropcatch.com 397 llc,1808,United States of America
DropCatch.com 398 LLC,dropcatch.com 398 llc,1809,United States of America
DropCatch.com 399 LLC,dropcatch.com 399 llc,1810,United States of America
DropCatch.com 400 LLC,dropcatch.com 400 llc,1811,United States of America
DropCatch.com 401 LLC,dropcatch.com 401 llc,1812,United States of America
DropCatch.com 402 LLC,dropcatch.com 402 llc,1813,United States of America
DropCatch.com 403 LLC,dropcatch.com 403 llc,1814,United States of America
DropCatch.com 404 LLC,dropcatch.com 404 llc,1815,United States of America
DropCatch.com 405 LLC,dropcatch.com 405 llc,1816,United States of America
DropCatch.com 406 LLC,dropcatch.com 406 llc,1817,United States of America
DropCatch.com 407 LLC,dropcatch.com 407 llc,1818,United States of America
DropCatch.com 408 LLC,dropcatch.com 408 llc,1819,United States of America
DropCatch.com 409 LLC,dropcatch.com 409 llc,1820,United States of America
DropCatch.com 410 LLC,dropcatch.com 410 llc,1821,United States of America
DropCatch.com 411 LLC,dropcatch.com 411 llc,1822,United States of America
DropCatch.com 412 LLC,dropcatch.com 412 llc,1823,United States of America
DropCatch.com 413 LLC,dropcatch.com 413 llc,1824,United States of America
DropCatch.com 414 LLC,dropcatch.com 414 llc,1825,United States of America
DropCatch.com 415 LLC,dropcatch.com 415 llc,1826,United States of America
DropCatch.com 416 LLC,dropcatch.com 416 llc,1827,United States of America
DropCatch.com 417 LLC,dropcatch.com 417 llc,1828,United States of America
DropCatch.com 418 LLC,dropcatch.com 418 llc,1829,United States of America
DropCatch.com 419 LLC,dropcatch.com 419 llc,1830,United States of America
DropCatch.com 420 LLC,dropcatch.com 420 llc,1831,United States of America
DropCatch.com 421 LLC,dropcatch.com 421 llc,1832,United States of America
DropCatch.com 422 LLC,dropcatch.com 422 llc,1833,United States of America
DropCatch.com 423 LLC,dropcatch.com 423 llc,1834,United States of America
DropCatch.com 424 LLC,dropcatch.com 424 llc,1835,United States of America
DropCatch.com 425 LLC,dropcatch.com 425 llc,1836,United States of America
DropCatch.com 426 LLC,dropcatch.com 426 llc,1837,United States of America
DropCatch.com 427 LLC,dropcatch.com 427 llc,1838,United States of America
DropCatch.com 428 LLC,dropcatch.com 428 llc,1839,United States of America
DropCatch.com 429 LLC,dropcatch.com 429 llc,1840,United States of America
DropCatch.com 430 LLC,dropcatch.com 430 llc,1841,United States of America
DropCatch.com 431 LLC,dropcatch.com 431 llc,1842,United States of America
DropCatch.com 432 LLC,dropcatch.com 432 llc,1843,United States of America
DropCatch.com 433 LLC,dropcatch.com 433 llc,1844,United States of America
DropCatch.com 434 LLC,dropcatch.com 434 llc,1845,United States of America
DropCatch.com 435 LLC,dropcatch.com 435 llc,1846,United States of America
DropCatch.com 436 LLC,dropcatch.com 436 llc,1847,United States of America
DropCatch.com 437 LLC,dropcatch.com 437 llc,1848,United States of America
DropCatch.com 438 LLC,dropcatch.com 438 llc,1849,United States of America
DropCatch.com 439 LLC,dropcatch.com 439 llc,1850,United States of America
DropCatch.com 440 LLC,dropcatch.com 440 llc,1851,United States of America
DropCatch.com 441 LLC,dropcatch.com 441 llc,1852,United States of America
DropCatch.com 442 LLC,dropcatch.com 442 llc,1853,United States of America
DropCatch.com 443 LLC,dropcatch.com 443 llc,1854,United States of America
DropCatch.com 444 LLC,dropcatch.com 444 llc,1855,United States of America
DropCatch.com 445 LLC,dropcatch.com 445 llc,1856,United States of America
DropCatch.com 446 LLC,dropcatch.com 446 llc,1926,United States of America
DropCatch.com 447 LLC,dropcatch.com 447 llc,1927,United States of America
DropCatch.com 448 LLC,dropcatch.com 448 llc,1928,United States of America
DropCatch.com 449 LLC,dropcatch.com 449 llc,1929,United States of America
DropCatch.com 450 LLC,dropcatch.com 450 llc,1930,United States of America
DropCatch.com 451 LLC,dropcatch.com 451 llc,1931,United States of America
DropCatch.com 452 LLC,dropcatch.com 452 llc,1932,United States of America
DropCatch.com 453 LLC,dropcatch.com 453 llc,1933,United States of America
DropCatch.com 454 LLC,dropcatch.com 454 llc,1934,United States of America
DropCatch.com 455 LLC,dropcatch.com 455 llc,1935,United States of America
DropCatch.com 456 LLC,dropcatch.com 456 llc,1936,United States of America
DropCatch.com 457 LLC,dropcatch.com 457 llc,1937,United States of America
DropCatch.com 458 LLC,dropcatch.com 458 llc,1938,United States of America
DropCatch.com 459 LLC,dropcatch.com 459 llc,1939,United States of America
DropCatch.com 460 LLC,dropcatch.com 460 llc,1940,United States of America
DropCatch.com 461 LLC,dropcatch.com 461 llc,1941,United States of America
DropCatch.com 462 LLC,dropcatch.com 462 llc,1942,United States of America
DropCatch.com 463 LLC,dropcatch.com 463 llc,1943,United States of America
DropCatch.com 464 LLC,dropcatch.com 464 llc,1944,United States of America
DropCatch.com 465 LLC,dropcatch.com 465 llc,1945,United States of America
DropCatch.com 466 LLC,dropcatch.com 466 llc,1946,United States of America
DropCatch.com 467 LLC,dropcatch.com 467 llc,1947,United States of America
DropCatch.com 468 LLC,dropcatch.com 468 llc,1948,United States of America
DropCatch.com 469 LLC,dropcatch.com 469 llc,1949,United States of America
DropCatch.com 470 LLC,dropcatch.com 470 llc,1950,United States of America
DropCatch.com 471 LLC,dropcatch.com 471 llc,1951,United States of America
DropCatch.com 472 LLC,dropcatch.com 472 llc,1952,United States of America
DropCatch.com 473 LLC,dropcatch.com 473 llc,1953,United States of America
DropCatch.com 474 LLC,dropcatch.com 474 llc,1954,United States of America
DropCatch.com 475 LLC,dropcatch.com 475 llc,1955,United States of America
DropCatch.com 476 LLC,dropcatch.com 476 llc,1956,United States of America
DropCatch.com 477 LLC,dropcatch.com 477 llc,1957,United States of America
DropCatch.com 478 LLC,dropcatch.com 478 llc,1958,United States of America
DropCatch.com 479 LLC,dropcatch.com 479 llc,1959,United States of America
DropCatch.com 480 LLC,dropcatch.com 480 llc,1960,United States of America
DropCatch.com 481 LLC,dropcatch.com 481 llc,1961,United States of America
DropCatch.com 482 LLC,dropcatch.com 482 llc,1962,United States of America
DropCatch.com 483 LLC,dropcatch.com 483 llc,1963,United States of America
DropCatch.com 484 LLC,dropcatch.com 484 llc,1964,United States of America
DropCatch.com 485 LLC,dropcatch.com 485 llc,1965,United States of America
DropCatch.com 486 LLC,dropcatch.com 486 llc,1966,United States of America
DropCatch.com 487 LLC,dropcatch.com 487 llc,1967,United States of America
DropCatch.com 488 LLC,dropcatch.com 488 llc,1968,United States of America
DropCatch.com 489 LLC,dropcatch.com 489 llc,1969,United States of America
DropCatch.com 490 LLC,dropcatch.com 490 llc,1970,United States of America
DropCatch.com 491 LLC,dropcatch.com 491 llc,1971,United States of America
DropCatch.com 492 LLC,dropcatch.com 492 llc,1972,United States of America
DropCatch.com 493 LLC,dropcatch.com 493 llc,1973,United States of America
DropCatch.com 494 LLC,dropcatch.com 494 llc,1974,United States of America
DropCatch.com 495 LLC,dropcatch.com 495 llc,1975,United States of America
DropCatch.com 496 LLC,dropcatch.com 496 llc,1976,United States of America
DropCatch.com 497 LLC,dropcatch.com 497 llc,1977,United States of America
DropCatch.com 498 LLC,dropcatch.com 498 llc,1978,United States of America
DropCatch.com 499 LLC,dropcatch.com 499 llc,1979,United States of America
DropCatch.com 500 LLC,dropcatch.com 500 llc,1980,United States of America
DropCatch.com 501 LLC,dropcatch.com 501 llc,1981,United States of America
DropCatch.com 502 LLC,dropcatch.com 502 llc,1982,United States of America
DropCatch.com 503 LLC,dropcatch.com 503 llc,1983,United States of America
DropCatch.com 504 LLC,dropcatch.com 504 llc,1984,United States of America
DropCatch.com 505 LLC,dropcatch.com 505 llc,1985,United States of America
DropCatch.com 506 LLC,dropcatch.com 506 llc,1986,United States of America
DropCatch.com 507 LLC,dropcatch.com 507 llc,1987,United States of America
DropCatch.com 508 LLC,dropcatch.com 508 llc,1988,United States of America
DropCatch.com 509 LLC,dropcatch.com 509 llc,1989,United States of America
DropCatch.com 510 LLC,dropcatch.com 510 llc,1990,United States of America
DropCatch.com 511 LLC,dropcatch.com 511 llc,1991,United States of America
DropCatch.com 512 LLC,dropcatch.com 512 llc,1992,United States of America
DropCatch.com 513 LLC,dropcatch.com 513 llc,1993,United States of America
DropCatch.com 514 LLC,dropcatch.com 514 llc,1994,United States of America
DropCatch.com 515 LLC,dropcatch.com 515 llc,1995,United States of America
DropCatch.com 516 LLC,dropcatch.com 516 llc,1996,United States of America
DropCatch.com 517 LLC,dropcatch.com 517 llc,1997,United States of America
DropCatch.com 518 LLC,dropcatch.com 518 llc,1998,United States of America
DropCatch.com 519 LLC,dropcatch.com 519 llc,1999,United States of America
DropCatch.com 520 LLC,dropcatch.com 520 llc,2000,United States of America
DropCatch.com 521 LLC,dropcatch.com 521 llc,2001,United States of America
DropCatch.com 522 LLC,dropcatch.com 522 llc,2002,United States of America
DropCatch.com 523 LLC,dropcatch.com 523 llc,2003,United States of America
DropCatch.com 524 LLC,dropcatch.com 524 llc,2004,United States of America
DropCatch.com 525 LLC,dropcatch.com 525 llc,2005,United States of America
DropCatch.com 526 LLC,dropcatch.com 526 llc,2006,United States of America
DropCatch.com 527 LLC,dropcatch.com 527 llc,2007,United States of America
DropCatch.com 528 LLC,dropcatch.com 528 llc,2008,United States of America
DropCatch.com 529 LLC,dropcatch.com 529 llc,2009,United States of America
DropCatch.com 530 LLC,dropcatch.com 530 llc,2010,United States of America
DropCatch.com 531 LLC,dropcatch.com 531 llc,2011,United States of America
DropCatch.com 532 LLC,dropcatch.com 532 llc,2012,United States of America
DropCatch.com 533 LLC,dropcatch.com 533 llc,2013,United States of America
DropCatch.com 534 LLC,dropcatch.com 534 llc,2014,United States of America
DropCatch.com 535 LLC,dropcatch.com 535 llc,2015,United States of America
DropCatch.com 536 LLC,dropcatch.com 536 llc,2016,United States of America
DropCatch.com 537 LLC,dropcatch.com 537 llc,2017,United States of America
DropCatch.com 538 LLC,dropcatch.com 538 llc,2018,United States of America
DropCatch.com 539 LLC,dropcatch.com 539 llc,2019,United States of America
DropCatch.com 540 LLC,dropcatch.com 540 llc,2020,United States of America
DropCatch.com 541 LLC,dropcatch.com 541 llc,2021,United States of America
DropCatch.com 542 LLC,dropcatch.com 542 llc,2022,United States of America
DropCatch.com 543 LLC,dropcatch.com 543 llc,2023,United States of America
DropCatch.com 544 LLC,dropcatch.com 544 llc,2024,United States of America
DropCatch.com 545 LLC,dropcatch.com 545 llc,2025,United States of America
DropCatch.com 546 LLC,dropcatch.com 546 llc,2026,United States of America
DropCatch.com 547 LLC,dropcatch.com 547 llc,2027,United States of America
DropCatch.com 548 LLC,dropcatch.com 548 llc,2028,United States of America
DropCatch.com 549 LLC,dropcatch.com 549 llc,2029,United States of America
DropCatch.com 550 LLC,dropcatch.com 550 llc,2030,United States of America
DropCatch.com 551 LLC,dropcatch.com 551 llc,2031,United States of America
DropCatch.com 552 LLC,dropcatch.com 552 llc,2032,United States of America
DropCatch.com 553 LLC,dropcatch.com 553 llc,2033,United States of America
DropCatch.com 554 LLC,dropcatch.com 554 llc,2034,United States of America
DropCatch.com 555 LLC,dropcatch.com 555 llc,2035,United States of America
DropCatch.com 556 LLC,dropcatch.com 556 llc,2036,United States of America
DropCatch.com 557 LLC,dropcatch.com 557 llc,2037,United States of America
DropCatch.com 558 LLC,dropcatch.com 558 llc,2038,United States of America
DropCatch.com 559 LLC,dropcatch.com 559 llc,2039,United States of America
DropCatch.com 560 LLC,dropcatch.com 560 llc,2040,United States of America
DropCatch.com 561 LLC,dropcatch.com 561 llc,2041,United States of America
DropCatch.com 562 LLC,dropcatch.com 562 llc,2042,United States of America
DropCatch.com 563 LLC,dropcatch.com 563 llc,2043,United States of America
DropCatch.com 564 LLC,dropcatch.com 564 llc,2044,United States of America
DropCatch.com 565 LLC,dropcatch.com 565 llc,2045,United States of America
DropCatch.com 566 LLC,dropcatch.com 566 llc,2046,United States of America
DropCatch.com 567 LLC,dropcatch.com 567 llc,2047,United States of America
DropCatch.com 568 LLC,dropcatch.com 568 llc,2048,United States of America
DropCatch.com 569 LLC,dropcatch.com 569 llc,2049,United States of America
DropCatch.com 570 LLC,dropcatch.com 570 llc,2050,United States of America
DropCatch.com 571 LLC,dropcatch.com 571 llc,2051,United States of America
DropCatch.com 572 LLC,dropcatch.com 572 llc,2052,United States of America
DropCatch.com 573 LLC,dropcatch.com 573 llc,2053,United States of America
DropCatch.com 574 LLC,dropcatch.com 574 llc,2054,United States of America
DropCatch.com 575 LLC,dropcatch.com 575 llc,2055,United States of America
DropCatch.com 576 LLC,dropcatch.com 576 llc,2056,United States of America
DropCatch.com 577 LLC,dropcatch.com 577 llc,2057,United States of America
DropCatch.com 578 LLC,dropcatch.com 578 llc,2058,United States of America
DropCatch.com 579 LLC,dropcatch.com 579 llc,2059,United States of America
DropCatch.com 580 LLC,dropcatch.com 580 llc,2060,United States of America
DropCatch.com 581 LLC,dropcatch.com 581 llc,2061,United States of America
DropCatch.com 582 LLC,dropcatch.com 582 llc,2062,United States of America
DropCatch.com 583 LLC,dropcatch.com 583 llc,2063,United States of America
DropCatch.com 584 LLC,dropcatch.com 584 llc,2064,United States of America
DropCatch.com 585 LLC,dropcatch.com 585 llc,2065,United States of America
DropCatch.com 586 LLC,dropcatch.com 586 llc,2066,United States of America
DropCatch.com 587 LLC,dropcatch.com 587 llc,2067,United States of America
DropCatch.com 588 LLC,dropcatch.com 588 llc,2068,United States of America
DropCatch.com 589 LLC,dropcatch.com 589 llc,2069,United States of America
DropCatch.com 590 LLC,dropcatch.com 590 llc,2070,United States of America
DropCatch.com 591 LLC,dropcatch.com 591 llc,2071,United States of America
DropCatch.com 592 LLC,dropcatch.com 592 llc,2072,United States of America
DropCatch.com 593 LLC,dropcatch.com 593 llc,2073,United States of America
DropCatch.com 594 LLC,dropcatch.com 594 llc,2074,United States of America
DropCatch.com 595 LLC,dropcatch.com 595 llc,2075,United States of America
DropCatch.com 596 LLC,dropcatch.com 596 llc,2076,United States of America
DropCatch.com 597 LLC,dropcatch.com 597 llc,2077,United States of America
DropCatch.com 598 LLC,dropcatch.com 598 llc,2078,United States of America
DropCatch.com 599 LLC,dropcatch.com 599 llc,2079,United States of America
DropCatch.com 600 LLC,dropcatch.com 600 llc,2080,United States of America
DropCatch.com 601 LLC,dropcatch.com 601 llc,2081,United States of America
DropCatch.com 602 LLC,dropcatch.com 602 llc,2082,United States of America
DropCatch.com 603 LLC,dropcatch.com 603 llc,2083,United States of America
DropCatch.com 604 LLC,dropcatch.com 604 llc,2084,United States of America
DropCatch.com 605 LLC,dropcatch.com 605 llc,2085,United States of America
DropCatch.com 606 LLC,dropcatch.com 606 llc,2086,United States of America
DropCatch.com 607 LLC,dropcatch.com 607 llc,2087,United States of America
DropCatch.com 608 LLC,dropcatch.com 608 llc,2088,United States of America
DropCatch.com 609 LLC,dropcatch.com 609 llc,2089,United States of America
DropCatch.com 610 LLC,dropcatch.com 610 llc,2090,United States of America
DropCatch.com 611 LLC,dropcatch.com 611 llc,2091,United States of America
DropCatch.com 612 LLC,dropcatch.com 612 llc,2092,United States of America
DropCatch.com 613 LLC,dropcatch.com 613 llc,2093,United States of America
DropCatch.com 614 LLC,dropcatch.com 614 llc,2094,United States of America
DropCatch.com 615 LLC,dropcatch.com 615 llc,2095,United States of America
DropCatch.com 616 LLC,dropcatch.com 616 llc,2096,United States of America
DropCatch.com 617 LLC,dropcatch.com 617 llc,2097,United States of America
DropCatch.com 618 LLC,dropcatch.com 618 llc,2098,United States of America
DropCatch.com 619 LLC,dropcatch.com 619 llc,2099,United States of America
DropCatch.com 620 LLC,dropcatch.com 620 llc,2100,United States of America
DropCatch.com 621 LLC,dropcatch.com 621 llc,2101,United States of America
DropCatch.com 622 LLC,dropcatch.com 622 llc,2102,United States of America
DropCatch.com 623 LLC,dropcatch.com 623 llc,2103,United States of America
DropCatch.com 624 LLC,dropcatch.com 624 llc,2104,United States of America
DropCatch.com 625 LLC,dropcatch.com 625 llc,2105,United States of America
DropCatch.com 626 LLC,dropcatch.com 626 llc,2106,United States of America
DropCatch.com 627 LLC,dropcatch.com 627 llc,2107,United States of America
DropCatch.com 628 LLC,dropcatch.com 628 llc,2108,United States of America
DropCatch.com 629 LLC,dropcatch.com 629 llc,2109,United States of America
DropCatch.com 630 LLC,dropcatch.com 630 llc,2110,United States of America
DropCatch.com 631 LLC,dropcatch.com 631 llc,2111,United States of America
DropCatch.com 632 LLC,dropcatch.com 632 llc,2112,United States of America
DropCatch.com 633 LLC,dropcatch.com 633 llc,2113,United States of America
DropCatch.com 634 LLC,dropcatch.com 634 llc,2114,United States of America
DropCatch.com 635 LLC,dropcatch.com 635 llc,2115,United States of America
DropCatch.com 636 LLC,dropcatch.com 636 llc,2116,United States of America
DropCatch.com 637 LLC,dropcatch.com 637 llc,2117,United States of America
DropCatch.com 638 LLC,dropcatch.com 638 llc,2118,United States of America
DropCatch.com 639 LLC,dropcatch.com 639 llc,2119,United States of America
DropCatch.com 640 LLC,dropcatch.com 640 llc,2120,United States of America
DropCatch.com 641 LLC,dropcatch.com 641 llc,2121,United States of America
DropCatch.com 642 LLC,dropcatch.com 642 llc,2122,United States of America
DropCatch.com 643 LLC,dropcatch.com 643 llc,2123,United States of America
DropCatch.com 644 LLC,dropcatch.com 644 llc,2124,United States of America
DropCatch.com 645 LLC,dropcatch.com 645 llc,2125,United States of America
DropCatch.com 646 LLC,dropcatch.com 646 llc,2126,United States of America
DropCatch.com 647 LLC,dropcatch.com 647 llc,2127,United States of America
DropCatch.com 648 LLC,dropcatch.com 648 llc,2128,United States of America
DropCatch.com 649 LLC,dropcatch.com 649 llc,2129,United States of America
DropCatch.com 650 LLC,dropcatch.com 650 llc,2130,United States of America
DropCatch.com 651 LLC,dropcatch.com 651 llc,2131,United States of America
DropCatch.com 652 LLC,dropcatch.com 652 llc,2132,United States of America
DropCatch.com 653 LLC,dropcatch.com 653 llc,2133,United States of America
DropCatch.com 654 LLC,dropcatch.com 654 llc,2134,United States of America
DropCatch.com 655 LLC,dropcatch.com 655 llc,2135,United States of America
DropCatch.com 656 LLC,dropcatch.com 656 llc,2136,United States of America
DropCatch.com 657 LLC,dropcatch.com 657 llc,2137,United States of America
DropCatch.com 658 LLC,dropcatch.com 658 llc,2138,United States of America
DropCatch.com 659 LLC,dropcatch.com 659 llc,2139,United States of America
DropCatch.com 660 LLC,dropcatch.com 660 llc,2140,United States of America
DropCatch.com 661 LLC,dropcatch.com 661 llc,2141,United States of America
DropCatch.com 662 LLC,dropcatch.com 662 llc,2142,United States of America
DropCatch.com 663 LLC,dropcatch.com 663 llc,2143,United States of America
DropCatch.com 664 LLC,dropcatch.com 664 llc,2144,United States of America
DropCatch.com 665 LLC,dropcatch.com 665 llc,2145,United States of America
DropCatch.com 666 LLC,dropcatch.com 666 llc,2146,United States of America
DropCatch.com 667 LLC,dropcatch.com 667 llc,2147,United States of America
DropCatch.com 668 LLC,dropcatch.com 668 llc,2148,United States of America
DropCatch.com 669 LLC,dropcatch.com 669 llc,2149,United States of America
DropCatch.com 670 LLC,dropcatch.com 670 llc,2150,United States of America
DropCatch.com 671 LLC,dropcatch.com 671 llc,2151,United States of America
DropCatch.com 672 LLC,dropcatch.com 672 llc,2152,United States of America
DropCatch.com 673 LLC,dropcatch.com 673 llc,2153,United States of America
DropCatch.com 674 LLC,dropcatch.com 674 llc,2154,United States of America
DropCatch.com 675 LLC,dropcatch.com 675 llc,2155,United States of America
DropCatch.com 676 LLC,dropcatch.com 676 llc,2156,United States of America
DropCatch.com 677 LLC,dropcatch.com 677 llc,2157,United States of America
DropCatch.com 678 LLC,dropcatch.com 678 llc,2158,United States of America
DropCatch.com 679 LLC,dropcatch.com 679 llc,2159,United States of America
DropCatch.com 680 LLC,dropcatch.com 680 llc,2160,United States of America
DropCatch.com 681 LLC,dropcatch.com 681 llc,2161,United States of America
DropCatch.com 682 LLC,dropcatch.com 682 llc,2162,United States of America
DropCatch.com 683 LLC,dropcatch.com 683 llc,2163,United States of America
DropCatch.com 684 LLC,dropcatch.com 684 llc,2164,United States of America
DropCatch.com 685 LLC,dropcatch.com 685 llc,2165,United States of America
DropCatch.com 686 LLC,dropcatch.com 686 llc,2166,United States of America
DropCatch.com 687 LLC,dropcatch.com 687 llc,2167,United States of America
DropCatch.com 688 LLC,dropcatch.com 688 llc,2168,United States of America
DropCatch.com 689 LLC,dropcatch.com 689 llc,2169,United States of America
DropCatch.com 690 LLC,dropcatch.com 690 llc,2170,United States of America
DropCatch.com 691 LLC,dropcatch.com 691 llc,2171,United States of America
DropCatch.com 692 LLC,dropcatch.com 692 llc,2172,United States of America
DropCatch.com 693 LLC,dropcatch.com 693 llc,2173,United States of America
DropCatch.com 694 LLC,dropcatch.com 694 llc,2174,United States of America
DropCatch.com 695 LLC,dropcatch.com 695 llc,2175,United States of America
DropCatch.com 696 LLC,dropcatch.com 696 llc,2176,United States of America
DropCatch.com 697 LLC,dropcatch.com 697 llc,2177,United States of America
DropCatch.com 698 LLC,dropcatch.com 698 llc,2178,United States of America
DropCatch.com 699 LLC,dropcatch.com 699 llc,2179,United States of America
DropCatch.com 700 LLC,dropcatch.com 700 llc,2180,United States of America
DropCatch.com 701 LLC,dropcatch.com 701 llc,2181,United States of America
DropCatch.com 702 LLC,dropcatch.com 702 llc,2182,United States of America
DropCatch.com 703 LLC,dropcatch.com 703 llc,2183,United States of America
DropCatch.com 704 LLC,dropcatch.com 704 llc,2184,United States of America
DropCatch.com 705 LLC,dropcatch.com 705 llc,2185,United States of America
DropCatch.com 706 LLC,dropcatch.com 706 llc,2186,United States of America
DropCatch.com 707 LLC,dropcatch.com 707 llc,2187,United States of America
DropCatch.com 708 LLC,dropcatch.com 708 llc,2188,United States of America
DropCatch.com 709 LLC,dropcatch.com 709 llc,2189,United States of America
DropCatch.com 710 LLC,dropcatch.com 710 llc,2190,United States of America
DropCatch.com 711 LLC,dropcatch.com 711 llc,2191,United States of America
DropCatch.com 712 LLC,dropcatch.com 712 llc,2192,United States of America
DropCatch.com 713 LLC,dropcatch.com 713 llc,2193,United States of America
DropCatch.com 714 LLC,dropcatch.com 714 llc,2194,United States of America
DropCatch.com 715 LLC,dropcatch.com 715 llc,2195,United States of America
DropCatch.com 716 LLC,dropcatch.com 716 llc,2196,United States of America
DropCatch.com 717 LLC,dropcatch.com 717 llc,2197,United States of America
DropCatch.com 718 LLC,dropcatch.com 718 llc,2198,United States of America
DropCatch.com 719 LLC,dropcatch.com 719 llc,2199,United States of America
DropCatch.com 720 LLC,dropcatch.com 720 llc,2200,United States of America
DropCatch.com 721 LLC,dropcatch.com 721 llc,2201,United States of America
DropCatch.com 722 LLC,dropcatch.com 722 llc,2202,United States of America
DropCatch.com 723 LLC,dropcatch.com 723 llc,2203,United States of America
DropCatch.com 724 LLC,dropcatch.com 724 llc,2204,United States of America
DropCatch.com 725 LLC,dropcatch.com 725 llc,2205,United States of America
DropCatch.com 726 LLC,dropcatch.com 726 llc,2206,United States of America
DropCatch.com 727 LLC,dropcatch.com 727 llc,2207,United States of America
DropCatch.com 728 LLC,dropcatch.com 728 llc,2208,United States of America
DropCatch.com 729 LLC,dropcatch.com 729 llc,2209,United States of America
DropCatch.com 730 LLC,dropcatch.com 730 llc,2210,United States of America
DropCatch.com 731 LLC,dropcatch.com 731 llc,2211,United States of America
DropCatch.com 732 LLC,dropcatch.com 732 llc,2212,United States of America
DropCatch.com 733 LLC,dropcatch.com 733 llc,2213,United States of America
DropCatch.com 734 LLC,dropcatch.com 734 llc,2214,United States of America
DropCatch.com 735 LLC,dropcatch.com 735 llc,2215,United States of America
DropCatch.com 736 LLC,dropcatch.com 736 llc,2216,United States of America
DropCatch.com 737 LLC,dropcatch.com 737 llc,2217,United States of America
DropCatch.com 738 LLC,dropcatch.com 738 llc,2218,United States of America
DropCatch.com 739 LLC,dropcatch.com 739 llc,2219,United States of America
DropCatch.com 740 LLC,dropcatch.com 740 llc,2220,United States of America
DropCatch.com 741 LLC,dropcatch.com 741 llc,2221,United States of America
DropCatch.com 742 LLC,dropcatch.com 742 llc,2222,United States of America
DropCatch.com 743 LLC,dropcatch.com 743 llc,2223,United States of America
DropCatch.com 744 LLC,dropcatch.com 744 llc,2224,United States of America
DropCatch.com 745 LLC,dropcatch.com 745 llc,2225,United States of America
DropCatch.com 746 LLC,dropcatch.com 746 llc,2505,United States of America
DropCatch.com 747 LLC,dropcatch.com 747 llc,2506,United States of America
DropCatch.com 748 LLC,dropcatch.com 748 llc,2507,United States of America
DropCatch.com 749 LLC,dropcatch.com 749 llc,2508,United States of America
DropCatch.com 750 LLC,dropcatch.com 750 llc,2509,United States of America
DropCatch.com 751 LLC,dropcatch.com 751 llc,2510,United States of America
DropCatch.com 752 LLC,dropcatch.com 752 llc,2511,United States of America
DropCatch.com 753 LLC,dropcatch.com 753 llc,2512,United States of America
DropCatch.com 754 LLC,dropcatch.com 754 llc,2513,United States of America
DropCatch.com 755 LLC,dropcatch.com 755 llc,2514,United States of America
DropCatch.com 756 LLC,dropcatch.com 756 llc,2515,United States of America
DropCatch.com 757 LLC,dropcatch.com 757 llc,2516,United States of America
DropCatch.com 758 LLC,dropcatch.com 758 llc,2517,United States of America
DropCatch.com 759 LLC,dropcatch.com 759 llc,2518,United States of America
DropCatch.com 760 LLC,dropcatch.com 760 llc,2519,United States of America
DropCatch.com 761 LLC,dropcatch.com 761 llc,2520,United States of America
DropCatch.com 762 LLC,dropcatch.com 762 llc,2521,United States of America
DropCatch.com 763 LLC,dropcatch.com 763 llc,2522,United States of America
DropCatch.com 764 LLC,dropcatch.com 764 llc,2523,United States of America
DropCatch.com 765 LLC,dropcatch.com 765 llc,2524,United States of America
DropCatch.com 766 LLC,dropcatch.com 766 llc,2525,United States of America
DropCatch.com 767 LLC,dropcatch.com 767 llc,2526,United States of America
DropCatch.com 768 LLC,dropcatch.com 768 llc,2527,United States of America
DropCatch.com 769 LLC,dropcatch.com 769 llc,2528,United States of America
DropCatch.com 770 LLC,dropcatch.com 770 llc,2529,United States of America
DropCatch.com 771 LLC,dropcatch.com 771 llc,2530,United States of America
DropCatch.com 772 LLC,dropcatch.com 772 llc,2531,United States of America
DropCatch.com 773 LLC,dropcatch.com 773 llc,2532,United States of America
DropCatch.com 774 LLC,dropcatch.com 774 llc,2533,United States of America
DropCatch.com 775 LLC,dropcatch.com 775 llc,2534,United States of America
DropCatch.com 776 LLC,dropcatch.com 776 llc,2535,United States of America
DropCatch.com 777 LLC,dropcatch.com 777 llc,2536,United States of America
DropCatch.com 778 LLC,dropcatch.com 778 llc,2537,United States of America
DropCatch.com 779 LLC,dropcatch.com 779 llc,2538,United States of America
DropCatch.com 780 LLC,dropcatch.com 780 llc,2539,United States of America
DropCatch.com 781 LLC,dropcatch.com 781 llc,2540,United States of America
DropCatch.com 782 LLC,dropcatch.com 782 llc,2541,United States of America
DropCatch.com 783 LLC,dropcatch.com 783 llc,2542,United States of America
DropCatch.com 784 LLC,dropcatch.com 784 llc,2543,United States of America
DropCatch.com 785 LLC,dropcatch.com 785 llc,2544,United States of America
DropCatch.com 786 LLC,dropcatch.com 786 llc,2545,United States of America
DropCatch.com 787 LLC,dropcatch.com 787 llc,2546,United States of America
DropCatch.com 788 LLC,dropcatch.com 788 llc,2547,United States of America
DropCatch.com 789 LLC,dropcatch.com 789 llc,2548,United States of America
DropCatch.com 790 LLC,dropcatch.com 790 llc,2549,United States of America
DropCatch.com 791 LLC,dropcatch.com 791 llc,2550,United States of America
DropCatch.com 792 LLC,dropcatch.com 792 llc,2551,United States of America
DropCatch.com 793 LLC,dropcatch.com 793 llc,2552,United States of America
DropCatch.com 794 LLC,dropcatch.com 794 llc,2553,United States of America
DropCatch.com 795 LLC,dropcatch.com 795 llc,2554,United States of America
DropCatch.com 796 LLC,dropcatch.com 796 llc,2555,United States of America
DropCatch.com 797 LLC,dropcatch.com 797 llc,2556,United States of America
DropCatch.com 798 LLC,dropcatch.com 798 llc,2557,United States of America
DropCatch.com 799 LLC,dropcatch.com 799 llc,2558,United States of America
DropCatch.com 800 LLC,dropcatch.com 800 llc,2559,United States of America
DropCatch.com 801 LLC,dropcatch.com 801 llc,2560,United States of America
DropCatch.com 802 LLC,dropcatch.com 802 llc,2561,United States of America
DropCatch.com 803 LLC,dropcatch.com 803 llc,2562,United States of America
DropCatch.com 804 LLC,dropcatch.com 804 llc,2563,United States of America
DropCatch.com 805 LLC,dropcatch.com 805 llc,2564,United States of America
DropCatch.com 806 LLC,dropcatch.com 806 llc,2565,United States of America
DropCatch.com 807 LLC,dropcatch.com 807 llc,2566,United States of America
DropCatch.com 808 LLC,dropcatch.com 808 llc,2567,United States of America
DropCatch.com 809 LLC,dropcatch.com 809 llc,2568,United States of America
DropCatch.com 810 LLC,dropcatch.com 810 llc,2569,United States of America
DropCatch.com 811 LLC,dropcatch.com 811 llc,2570,United States of America
DropCatch.com 812 LLC,dropcatch.com 812 llc,2571,United States of America
DropCatch.com 813 LLC,dropcatch.com 813 llc,2572,United States of America
DropCatch.com 814 LLC,dropcatch.com 814 llc,2573,United States of America
DropCatch.com 815 LLC,dropcatch.com 815 llc,2574,United States of America
DropCatch.com 816 LLC,dropcatch.com 816 llc,2575,United States of America
DropCatch.com 817 LLC,dropcatch.com 817 llc,2576,United States of America
DropCatch.com 818 LLC,dropcatch.com 818 llc,2577,United States of America
DropCatch.com 819 LLC,dropcatch.com 819 llc,2578,United States of America
DropCatch.com 820 LLC,dropcatch.com 820 llc,2579,United States of America
DropCatch.com 821 LLC,dropcatch.com 821 llc,2580,United States of America
DropCatch.com 822 LLC,dropcatch.com 822 llc,2581,United States of America
DropCatch.com 823 LLC,dropcatch.com 823 llc,2582,United States of America
DropCatch.com 824 LLC,dropcatch.com 824 llc,2583,United States of America
DropCatch.com 825 LLC,dropcatch.com 825 llc,2584,United States of America
DropCatch.com 826 LLC,dropcatch.com 826 llc,2585,United States of America
DropCatch.com 827 LLC,dropcatch.com 827 llc,2586,United States of America
DropCatch.com 828 LLC,dropcatch.com 828 llc,2587,United States of America
DropCatch.com 829 LLC,dropcatch.com 829 llc,2588,United States of America
DropCatch.com 830 LLC,dropcatch.com 830 llc,2589,United States of America
DropCatch.com 831 LLC,dropcatch.com 831 llc,2590,United States of America
DropCatch.com 832 LLC,dropcatch.com 832 llc,2591,United States of America
DropCatch.com 833 LLC,dropcatch.com 833 llc,2592,United States of America
DropCatch.com 834 LLC,dropcatch.com 834 llc,2593,United States of America
DropCatch.com 835 LLC,dropcatch.com 835 llc,2594,United States of America
DropCatch.com 836 LLC,dropcatch.com 836 llc,2595,United States of America
DropCatch.com 837 LLC,dropcatch.com 837 llc,2596,United States of America
DropCatch.com 838 LLC,dropcatch.com 838 llc,2597,United States of America
DropCatch.com 839 LLC,dropcatch.com 839 llc,2598,United States of America
DropCatch.com 840 LLC,dropcatch.com 840 llc,2599,United States of America
DropCatch.com 841 LLC,dropcatch.com 841 llc,2600,United States of America
DropCatch.com 842 LLC,dropcatch.com 842 llc,2601,United States of America
DropCatch.com 843 LLC,dropcatch.com 843 llc,2602,United States of America
DropCatch.com 844 LLC,dropcatch.com 844 llc,2603,United States of America
DropCatch.com 845 LLC,dropcatch.com 845 llc,2604,United States of America
DropCatch.com 846 LLC,dropcatch.com 846 llc,2605,United States of America
DropCatch.com 847 LLC,dropcatch.com 847 llc,2606,United States of America
DropCatch.com 848 LLC,dropcatch.com 848 llc,2607,United States of America
DropCatch.com 849 LLC,dropcatch.com 849 llc,2608,United States of America
DropCatch.com 850 LLC,dropcatch.com 850 llc,2609,United States of America
DropCatch.com 851 LLC,dropcatch.com 851 llc,2610,United States of America
DropCatch.com 852 LLC,dropcatch.com 852 llc,2611,United States of America
DropCatch.com 853 LLC,dropcatch.com 853 llc,2612,United States of America
DropCatch.com 854 LLC,dropcatch.com 854 llc,2613,United States of America
DropCatch.com 855 LLC,dropcatch.com 855 llc,2614,United States of America
DropCatch.com 856 LLC,dropcatch.com 856 llc,2615,United States of America
DropCatch.com 857 LLC,dropcatch.com 857 llc,2616,United States of America
DropCatch.com 858 LLC,dropcatch.com 858 llc,2617,United States of America
DropCatch.com 859 LLC,dropcatch.com 859 llc,2618,United States of America
DropCatch.com 860 LLC,dropcatch.com 860 llc,2619,United States of America
DropCatch.com 861 LLC,dropcatch.com 861 llc,2620,United States of America
DropCatch.com 862 LLC,dropcatch.com 862 llc,2621,United States of America
DropCatch.com 863 LLC,dropcatch.com 863 llc,2622,United States of America
DropCatch.com 864 LLC,dropcatch.com 864 llc,2623,United States of America
DropCatch.com 865 LLC,dropcatch.com 865 llc,2624,United States of America
DropCatch.com 866 LLC,dropcatch.com 866 llc,2625,United States of America
DropCatch.com 867 LLC,dropcatch.com 867 llc,2626,United States of America
DropCatch.com 868 LLC,dropcatch.com 868 llc,2627,United States of America
DropCatch.com 869 LLC,dropcatch.com 869 llc,2628,United States of America
DropCatch.com 870 LLC,dropcatch.com 870 llc,2629,United States of America
DropCatch.com 871 LLC,dropcatch.com 871 llc,2630,United States of America
DropCatch.com 872 LLC,dropcatch.com 872 llc,2631,United States of America
DropCatch.com 873 LLC,dropcatch.com 873 llc,2632,United States of America
DropCatch.com 874 LLC,dropcatch.com 874 llc,2633,United States of America
DropCatch.com 875 LLC,dropcatch.com 875 llc,2634,United States of America
DropCatch.com 876 LLC,dropcatch.com 876 llc,2635,United States of America
DropCatch.com 877 LLC,dropcatch.com 877 llc,2636,United States of America
DropCatch.com 878 LLC,dropcatch.com 878 llc,2637,United States of America
DropCatch.com 879 LLC,dropcatch.com 879 llc,2638,United States of America
DropCatch.com 880 LLC,dropcatch.com 880 llc,2639,United States of America
DropCatch.com 881 LLC,dropcatch.com 881 llc,2640,United States of America
DropCatch.com 882 LLC,dropcatch.com 882 llc,2641,United States of America
DropCatch.com 883 LLC,dropcatch.com 883 llc,2642,United States of America
DropCatch.com 884 LLC,dropcatch.com 884 llc,2643,United States of America
DropCatch.com 885 LLC,dropcatch.com 885 llc,2644,United States of America
DropCatch.com 886 LLC,dropcatch.com 886 llc,2645,United States of America
DropCatch.com 887 LLC,dropcatch.com 887 llc,2646,United States of America
DropCatch.com 888 LLC,dropcatch.com 888 llc,2647,United States of America
DropCatch.com 889 LLC,dropcatch.com 889 llc,2648,United States of America
DropCatch.com 890 LLC,dropcatch.com 890 llc,2649,United States of America
DropCatch.com 891 LLC,dropcatch.com 891 llc,2650,United States of America
DropCatch.com 892 LLC,dropcatch.com 892 llc,2651,United States of America
DropCatch.com 893 LLC,dropcatch.com 893 llc,2652,United States of America
DropCatch.com 894 LLC,dropcatch.com 894 llc,2653,United States of America
DropCatch.com 895 LLC,dropcatch.com 895 llc,2654,United States of America
DropCatch.com 896 LLC,dropcatch.com 896 llc,2655,United States of America
DropCatch.com 897 LLC,dropcatch.com 897 llc,2656,United States of America
DropCatch.com 898 LLC,dropcatch.com 898 llc,2657,United States of America
DropCatch.com 899 LLC,dropcatch.com 899 llc,2658,United States of America
DropCatch.com 900 LLC,dropcatch.com 900 llc,2659,United States of America
DropCatch.com 901 LLC,dropcatch.com 901 llc,2660,United States of America
DropCatch.com 902 LLC,dropcatch.com 902 llc,2661,United States of America
DropCatch.com 903 LLC,dropcatch.com 903 llc,2662,United States of America
DropCatch.com 904 LLC,dropcatch.com 904 llc,2663,United States of America
DropCatch.com 905 LLC,dropcatch.com 905 llc,2664,United States of America
DropCatch.com 906 LLC,dropcatch.com 906 llc,2665,United States of America
DropCatch.com 907 LLC,dropcatch.com 907 llc,2666,United States of America
DropCatch.com 908 LLC,dropcatch.com 908 llc,2667,United States of America
DropCatch.com 909 LLC,dropcatch.com 909 llc,2668,United States of America
DropCatch.com 910 LLC,dropcatch.com 910 llc,2669,United States of America
DropCatch.com 911 LLC,dropcatch.com 911 llc,2670,United States of America
DropCatch.com 912 LLC,dropcatch.com 912 llc,2671,United States of America
DropCatch.com 913 LLC,dropcatch.com 913 llc,2672,United States of America
DropCatch.com 914 LLC,dropcatch.com 914 llc,2673,United States of America
DropCatch.com 915 LLC,dropcatch.com 915 llc,2674,United States of America
DropCatch.com 916 LLC,dropcatch.com 916 llc,2675,United States of America
DropCatch.com 917 LLC,dropcatch.com 917 llc,2676,United States of America
DropCatch.com 918 LLC,dropcatch.com 918 llc,2677,United States of America
DropCatch.com 919 LLC,dropcatch.com 919 llc,2678,United States of America
DropCatch.com 920 LLC,dropcatch.com 920 llc,2679,United States of America
DropCatch.com 921 LLC,dropcatch.com 921 llc,2680,United States of America
DropCatch.com 922 LLC,dropcatch.com 922 llc,2681,United States of America
DropCatch.com 923 LLC,dropcatch.com 923 llc,2682,United States of America
DropCatch.com 924 LLC,dropcatch.com 924 llc,2683,United States of America
DropCatch.com 925 LLC,dropcatch.com 925 llc,2684,United States of America
DropCatch.com 926 LLC,dropcatch.com 926 llc,2685,United States of America
DropCatch.com 927 LLC,dropcatch.com 927 llc,2686,United States of America
DropCatch.com 928 LLC,dropcatch.com 928 llc,2687,United States of America
DropCatch.com 929 LLC,dropcatch.com 929 llc,2688,United States of America
DropCatch.com 930 LLC,dropcatch.com 930 llc,2689,United States of America
DropCatch.com 931 LLC,dropcatch.com 931 llc,2690,United States of America
DropCatch.com 932 LLC,dropcatch.com 932 llc,2691,United States of America
DropCatch.com 933 LLC,dropcatch.com 933 llc,2692,United States of America
DropCatch.com 934 LLC,dropcatch.com 934 llc,2693,United States of America
DropCatch.com 935 LLC,dropcatch.com 935 llc,2694,United States of America
DropCatch.com 936 LLC,dropcatch.com 936 llc,2695,United States of America
DropCatch.com 937 LLC,dropcatch.com 937 llc,2696,United States of America
DropCatch.com 938 LLC,dropcatch.com 938 llc,2697,United States of America
DropCatch.com 939 LLC,dropcatch.com 939 llc,2698,United States of America
DropCatch.com 940 LLC,dropcatch.com 940 llc,2699,United States of America
DropCatch.com 941 LLC,dropcatch.com 941 llc,2700,United States of America
DropCatch.com 942 LLC,dropcatch.com 942 llc,2701,United States of America
DropCatch.com 943 LLC,dropcatch.com 943 llc,2702,United States of America
DropCatch.com 944 LLC,dropcatch.com 944 llc,2703,United States of America
DropCatch.com 945 LLC,dropcatch.com 945 llc,2704,United States of America
DropCatch.com 946 LLC,dropcatch.com 946 llc,2705,United States of America
DropCatch.com 947 LLC,dropcatch.com 947 llc,2706,United States of America
DropCatch.com 948 LLC,dropcatch.com 948 llc,2707,United States of America
DropCatch.com 949 LLC,dropcatch.com 949 llc,2708,United States of America
DropCatch.com 950 LLC,dropcatch.com 950 llc,2709,United States of America
DropCatch.com 951 LLC,dropcatch.com 951 llc,2710,United States of America
DropCatch.com 952 LLC,dropcatch.com 952 llc,2711,United States of America
DropCatch.com 953 LLC,dropcatch.com 953 llc,2712,United States of America
DropCatch.com 954 LLC,dropcatch.com 954 llc,2713,United States of America
DropCatch.com 955 LLC,dropcatch.com 955 llc,2714,United States of America
DropCatch.com 956 LLC,dropcatch.com 956 llc,2715,United States of America
DropCatch.com 957 LLC,dropcatch.com 957 llc,2716,United States of America
DropCatch.com 958 LLC,dropcatch.com 958 llc,2717,United States of America
DropCatch.com 959 LLC,dropcatch.com 959 llc,2718,United States of America
DropCatch.com 960 LLC,dropcatch.com 960 llc,2719,United States of America
DropCatch.com 961 LLC,dropcatch.com 961 llc,2720,United States of America
DropCatch.com 962 LLC,dropcatch.com 962 llc,2721,United States of America
DropCatch.com 963 LLC,dropcatch.com 963 llc,2722,United States of America
DropCatch.com 964 LLC,dropcatch.com 964 llc,2723,United States of America
DropCatch.com 965 LLC,dropcatch.com 965 llc,2724,United States of America
DropCatch.com 966 LLC,dropcatch.com 966 llc,2725,United States of America
DropCatch.com 967 LLC,dropcatch.com 967 llc,2726,United States of America
DropCatch.com 968 LLC,dropcatch.com 968 llc,2727,United States of America
DropCatch.com 969 LLC,dropcatch.com 969 llc,2728,United States of America
DropCatch.com 970 LLC,dropcatch.com 970 llc,2729,United States of America
DropCatch.com 971 LLC,dropcatch.com 971 llc,2730,United States of America
DropCatch.com 972 LLC,dropcatch.com 972 llc,2731,United States of America
DropCatch.com 973 LLC,dropcatch.com 973 llc,2732,United States of America
DropCatch.com 974 LLC,dropcatch.com 974 llc,2733,United States of America
DropCatch.com 975 LLC,dropcatch.com 975 llc,2734,United States of America
DropCatch.com 976 LLC,dropcatch.com 976 llc,2735,United States of America
DropCatch.com 977 LLC,dropcatch.com 977 llc,2736,United States of America
DropCatch.com 978 LLC,dropcatch.com 978 llc,2737,United States of America
DropCatch.com 979 LLC,dropcatch.com 979 llc,2738,United States of America
DropCatch.com 980 LLC,dropcatch.com 980 llc,2739,United States of America
DropCatch.com 981 LLC,dropcatch.com 981 llc,2740,United States of America
DropCatch.com 982 LLC,dropcatch.com 982 llc,2741,United States of America
DropCatch.com 983 LLC,dropcatch.com 983 llc,2742,United States of America
DropCatch.com 984 LLC,dropcatch.com 984 llc,2743,United States of America
DropCatch.com 985 LLC,dropcatch.com 985 llc,2744,United States of America
DropCatch.com 986 LLC,dropcatch.com 986 llc,2745,United States of America
DropCatch.com 987 LLC,dropcatch.com 987 llc,2746,United States of America
DropCatch.com 988 LLC,dropcatch.com 988 llc,2747,United States of America
DropCatch.com 989 LLC,dropcatch.com 989 llc,2748,United States of America
DropCatch.com 990 LLC,dropcatch.com 990 llc,2749,United States of America
DropCatch.com 991 LLC,dropcatch.com 991 llc,2750,United States of America
DropCatch.com 992 LLC,dropcatch.com 992 llc,2751,United States of America
DropCatch.com 993 LLC,dropcatch.com 993 llc,2752,United States of America
DropCatch.com 994 LLC,dropcatch.com 994 llc,2753,United States of America
DropCatch.com 995 LLC,dropcatch.com 995 llc,2754,United States of America
DropCatch.com 996 LLC,dropcatch.com 996 llc,2755,United States of America
DropCatch.com 997 LLC,dropcatch.com 997 llc,2756,United States of America
DropCatch.com 998 LLC,dropcatch.com 998 llc,2757,United States of America
DropCatch.com 999 LLC,dropcatch.com 999 llc,2758,United States of America
Dropcatching Names LLC,dropcatching names llc,2844,United States of America
"DropExtra.com, LLC","dropextra.com, llc",1069,United States of America
"DropFall.com, LLC","dropfall.com, llc",1070,United States of America
"DropHub.com, LLC","drophub.com, llc",1071,United States of America
"DropJump.com, LLC","dropjump.com, llc",1072,United States of America
"Dropoutlet, LLC","dropoutlet, llc",702,United States of America
Dropping.Co Inc,dropping.co inc,3975,United States of America
"DropSave.com, LLC","dropsave.com, llc",1075,United States of America
"DropWalk.com, LLC","dropwalk.com, llc",1077,United States of America
"DropWeek.com, LLC","dropweek.com, llc",1078,United States of America
DuckBilledDomains.com LLC,duckbilleddomains.com llc,1202,United States of America
Dynadot Inc,dynadot inc,472,United States of America
Dynadot0 LLC,dynadot0 llc,1637,United States of America
Dynadot1 LLC,dynadot1 llc,1638,United States of America
Dynadot10 LLC,dynadot10 llc,1865,United States of America
Dynadot11 LLC,dynadot11 llc,1866,United States of America
Dynadot12 LLC,dynadot12 llc,1867,United States of America
Dynadot13 LLC,dynadot13 llc,2282,United States of America
Dynadot14 LLC,dynadot14 llc,2283,United States of America
Dynadot15 LLC,dynadot15 llc,2284,United States of America
Dynadot16 LLC,dynadot16 llc,2285,United States of America
Dynadot17 LLC,dynadot17 llc,2286,United States of America
Dynadot1700 LLC,dynadot1700 llc,4031,United States of America
Dynadot2 LLC,dynadot2 llc,1559,United States of America
Dynadot3 LLC,dynadot3 llc,1651,United States of America
Dynadot3184 LLC,dynadot3184 llc,4032,United States of America
Dynadot3804 LLC,dynadot3804 llc,4033,United States of America
Dynadot4 LLC,dynadot4 llc,1652,United States of America
Dynadot5 LLC,dynadot5 llc,1653,United States of America
Dynadot5706 LLC,dynadot5706 llc,4034,United States of America
Dynadot6 LLC,dynadot6 llc,1718,United States of America
Dynadot7 LLC,dynadot7 llc,1719,United States of America
Dynadot8 LLC,dynadot8 llc,1720,United States of America
Dynadot9 LLC,dynadot9 llc,1864,United States of America
Dynadot9266 LLC,dynadot9266 llc,4035,United States of America
Dynu Systems Incorporated,dynu systems incorporated,3857,United States of America
E & Enterprise Cloud - Sole Proprietorship L.L.C,e & enterprise cloud - sole proprietorship l.l.c,1738,United Arab Emirates
"Eagle Eye Domains, LLC","eagle eye domains, llc",2342,United States of America
"EastEndDomains, LLC","eastenddomains, llc",1668,United States of America
"Easy Street Domains, LLC","easy street domains, llc",2255,United States of America
easyDNS Technologies Inc.,easydns technologies inc.,469,Canada
Easyspace Limited,easyspace limited,79,United Kingdom of Great Britain and Northern Ireland
EBRAND Holdings S.A.,ebrand holdings s.a.,1639,Luxembourg
EchoDomain LLC,echodomain llc,1685,United States of America
Ednit Software Private Limited,ednit software private limited,2486,India
Edomains LLC,edomains llc,3804,United States of America
"Ekados, Inc., d/b/a groundregistry.com","ekados, inc., d/b/a groundregistry.com",1003,Italy
"EmpireStateDomains, LLC","empirestatedomains, llc",1642,United States of America
"eName Technology Co., Ltd.","ename technology co., ltd.",1331,China
"Enameco, LLC","enameco, llc",66,United States of America
Enartia Single Member S.A.,enartia single member s.a.,1727,Greece
"EnCirca, Inc.","encirca, inc.",455,United States of America
"EndeavourDomains, LLC","endeavourdomains, llc",2235,United States of America
"eNom, LLC","enom, llc",48,Canada
Enterprise Guardian Inc.,enterprise guardian inc.,3881,United States of America
"Entertainment Names, LLC","entertainment names, llc",910,United States of America
"Entorno Digital, S.A.","entorno digital, s.a.",696,Spain
"Entrust Domains, LLC","entrust domains, llc",2256,United States of America
EPAG Domainservices GmbH,epag domainservices gmbh,85,Germany
Epik LLC,epik llc,617,United States of America
Eranet International Limited,eranet international limited,1868,"Hong Kong, China"
"Ethos Domains, LLC","ethos domains, llc",2343,United States of America
EU Technology (HK) Limited,eu technology (hk) limited,1716,"Hong Kong, China"
EUNameFlood.com LLC,eunameflood.com llc,1203,United States of America
EunamesOregon.com LLC,eunamesoregon.com llc,1204,United States of America
EuroDNS S.A.,eurodns s.a.,1052,Luxembourg
EuropeanConnectiononline.com LLC,europeanconnectiononline.com llc,1205,United States of America
Europlanet G.P.,europlanet g.p.,4037,Greece
EurotrashNames.com LLC,eurotrashnames.com llc,1206,United States of America
EUTurbo.com LLC,euturbo.com llc,1207,United States of America
"Ever Ready Names, LLC","ever ready names, llc",1130,India
Exclusive Domain Find LLC,exclusive domain find llc,2845,United States of America
"Extend Names, LLC","extend names, llc",1129,India
"Extra Threads, LLC","extra threads, llc",705,United States of America
"Extremely Wild, LLC","extremely wild, llc",1119,India
"EZ Times Domains, LLC","ez times domains, llc",2344,United States of America
"Fair Trade Domains, LLC","fair trade domains, llc",2257,United States of America
Fastball Domains LLC,fastball domains llc,2846,United States of America
FBS Inc.,fbs inc.,1110,Türkiye
"Fenominal, LLC","fenominal, llc",1056,United States of America
"Fetch Registrar, LLC","fetch registrar, llc",2236,United States of America
Fewmoretaps OU d/b/a Trustname.com,fewmoretaps ou d/b/a trustname.com,4318,Estonia
"Fiducia LLC, Latvijas Parstavnieciba","fiducia llc, latvijas parstavnieciba",620,Latvia
"Find Good Domains, LLC","find good domains, llc",1096,India
FindUAName.com LLC,finduaname.com llc,932,United States of America
FindYouADomain.com LLC,findyouadomain.com llc,946,United States of America
FindYouAName.com LLC,findyouaname.com llc,947,United States of America
"Fine Grain Domains, LLC","fine grain domains, llc",2258,United States of America
First Alliance Group Ltd T/A Netclues Inc,first alliance group ltd t/a netclues inc,3768,Cayman Islands
Firstround Names LLC,firstround names llc,2847,United States of America
Flancrestdomains.com LLC,flancrestdomains.com llc,1208,United States of America
"FLAPPY DOMAIN, INC.","flappy domain, inc.",1872,"Hong Kong, China"
Fluccs - The Australian Cloud Pty Ltd,fluccs - the australian cloud pty ltd,965,Australia
"Focus IP, Inc. dba Tracer","focus ip, inc. dba tracer",3235,United States of America
"Foshan YiDong Network Co., LTD","foshan yidong network co., ltd",1563,China
"Free Dive Domains, LLC","free dive domains, llc",2345,United States of America
Free Drop Zone LLC,free drop zone llc,2848,United States of America
"Free Spirit Domains, LLC","free spirit domains, llc",2259,United States of America
Freefall Domains LLC,freefall domains llc,2849,United States of America
Freename Limited,freename limited,4323,United Kingdom of Great Britain and Northern Ireland
Freeparking Limited,freeparking limited,1583,New Zealand
French Connexion SARL dba Domaine.fr,french connexion sarl dba domaine.fr,601,France
Freshbreweddomains.com LLC,freshbreweddomains.com llc,1209,United States of America
FrontStreetDomains.com LLC,frontstreetdomains.com llc,1210,United States of America
"Fujian Domains, Inc.","fujian domains, inc.",1921,"Hong Kong, China"
"Fushi Tarazu, LLC","fushi tarazu, llc",707,United States of America
"Fuzhou Zhongxu Network Technology Co., Ltd.","fuzhou zhongxu network technology co., ltd.",3763,China
Gabia C&S,gabia c&s,1502,"Korea, Republic of"
"Gabia, Inc.","gabia, inc.",244,"Korea, Republic of"
"Game For Names, LLC","game for names, llc",1120,India
Gandi SAS,gandi sas,81,France
Gate Hills Technology FZE,gate hills technology fze,4550,United Arab Emirates
GateKeeperDomains.net LLC,gatekeeperdomains.net llc,1352,United States of America
Genious Communications SARL/AU,genious communications sarl/au,1560,Morocco
Gesloten Domain N.V.,gesloten domain n.v.,1506,Curaçao
Ghana Dot Com Ltd.,ghana dot com ltd.,1499,Ghana
"GKG.NET, INC.","gkg.net, inc.",93,United States of America
GlamDomains LLC,glamdomains llc,1572,United States of America
"Glide Slope Domains, LLC","glide slope domains, llc",2346,United States of America
Global Domain Group LLC,global domain group llc,3956,United States of America
Global Domain Name Trading Center Ltd,global domain name trading center ltd,3792,Seychelles
"Global Domains International, Inc. DBA DomainCostClub.com","global domains international, inc. dba domaincostclub.com",1463,United States of America
Global Village GmbH,global village gmbh,1725,Germany
Globis LLC,globis llc,626,Finland
GMO Brand Security Inc.,gmo brand security inc.,1434,Japan
"GMO Domain International, Inc.","gmo domain international, inc.",645,Japan
"GMO Internet Group, Inc. d/b/a Onamae.com","gmo internet group, inc. d/b/a onamae.com",49,Japan
Gmo-Z.Com Runsystem Joint Stock Company,gmo-z.com runsystem joint stock company,3837,Viet Nam
Gname 001 Inc,gname 001 inc,3941,Singapore
Gname 002 Inc,gname 002 inc,3942,Singapore
Gname 003 Inc,gname 003 inc,3943,Singapore
Gname 004 Inc,gname 004 inc,3944,Singapore
Gname 005 Inc,gname 005 inc,3945,Singapore
Gname 006 Inc,gname 006 inc,3946,Singapore
Gname 007 Inc,gname 007 inc,3947,Singapore
Gname 008 Inc,gname 008 inc,3948,Singapore
Gname 009 Inc,gname 009 inc,3949,Singapore
Gname 010 Inc,gname 010 inc,3950,Singapore
Gname 011 Inc,gname 011 inc,3980,Singapore
Gname 012 Inc,gname 012 inc,3981,Singapore
Gname 013 Inc,gname 013 inc,3982,Singapore
Gname 014 Inc,gname 014 inc,3983,Singapore
Gname 015 Inc,gname 015 inc,3984,Singapore
Gname 016 Inc,gname 016 inc,3985,Singapore
Gname 017 Inc,gname 017 inc,3986,Singapore
Gname 018 Inc,gname 018 inc,3987,Singapore
Gname 019 Inc,gname 019 inc,3988,Singapore
Gname 020 Inc,gname 020 inc,3989,Singapore
Gname 021 Inc,gname 021 inc,3990,Singapore
Gname 022 Inc,gname 022 inc,3991,Singapore
Gname 023 Inc,gname 023 inc,3992,Singapore
Gname 024 Inc,gname 024 inc,3993,Singapore
Gname 025 Inc,gname 025 inc,3994,Singapore
Gname 026 Inc,gname 026 inc,3995,Singapore
Gname 027 Inc,gname 027 inc,3996,Singapore
Gname 028 Inc,gname 028 inc,3997,Singapore
Gname 029 Inc,gname 029 inc,3998,Singapore
Gname 030 Inc,gname 030 inc,3999,Singapore
Gname 031 Inc,gname 031 inc,4000,Singapore
Gname 032 Inc,gname 032 inc,4001,Singapore
Gname 033 Inc,gname 033 inc,4002,Singapore
Gname 034 Inc,gname 034 inc,4003,Singapore
Gname 035 Inc,gname 035 inc,4004,Singapore
Gname 036 Inc,gname 036 inc,4005,Singapore
Gname 037 Inc,gname 037 inc,4006,Singapore
Gname 038 Inc,gname 038 inc,4007,Singapore
Gname 039 Inc,gname 039 inc,4008,Singapore
Gname 040 Inc,gname 040 inc,4009,Singapore
Gname 041 Inc,gname 041 inc,4010,Singapore
Gname 042 Inc,gname 042 inc,4011,Singapore
Gname 043 Inc,gname 043 inc,4012,Singapore
Gname 044 Inc,gname 044 inc,4013,Singapore
Gname 045 Inc,gname 045 inc,4014,Singapore
Gname 046 Inc,gname 046 inc,4015,Singapore
Gname 047 Inc,gname 047 inc,4016,Singapore
Gname 048 Inc,gname 048 inc,4017,Singapore
Gname 049 Inc,gname 049 inc,4018,Singapore
Gname 050 Inc,gname 050 inc,4019,Singapore
Gname 051 Inc,gname 051 inc,4043,Singapore
Gname 052 Inc,gname 052 inc,4044,Singapore
Gname 053 Inc,gname 053 inc,4045,Singapore
Gname 054 Inc,gname 054 inc,4046,Singapore
Gname 055 Inc,gname 055 inc,4047,Singapore
Gname 056 Inc,gname 056 inc,4048,Singapore
Gname 057 Inc,gname 057 inc,4049,Singapore
Gname 058 Inc,gname 058 inc,4050,Singapore
Gname 059 Inc,gname 059 inc,4051,Singapore
Gname 060 Inc,gname 060 inc,4052,Singapore
Gname 061 Inc,gname 061 inc,4053,Singapore
Gname 062 Inc,gname 062 inc,4054,Singapore
Gname 063 Inc,gname 063 inc,4055,Singapore
Gname 064 Inc,gname 064 inc,4056,Singapore
Gname 065 Inc,gname 065 inc,4057,Singapore
Gname 066 Inc,gname 066 inc,4058,Singapore
Gname 067 Inc,gname 067 inc,4059,Singapore
Gname 068 Inc,gname 068 inc,4060,Singapore
Gname 069 Inc,gname 069 inc,4061,Singapore
Gname 070 Inc,gname 070 inc,4062,Singapore
Gname 071 Inc,gname 071 inc,4063,Singapore
Gname 072 Inc,gname 072 inc,4064,Singapore
Gname 073 Inc,gname 073 inc,4065,Singapore
Gname 074 Inc,gname 074 inc,4066,Singapore
Gname 075 Inc,gname 075 inc,4067,Singapore
Gname 076 Inc,gname 076 inc,4068,Singapore
Gname 077 Inc,gname 077 inc,4069,Singapore
Gname 078 Inc,gname 078 inc,4070,Singapore
Gname 079 Inc,gname 079 inc,4071,Singapore
Gname 080 Inc,gname 080 inc,4072,Singapore
Gname 081 Inc,gname 081 inc,4073,Singapore
Gname 082 Inc,gname 082 inc,4074,Singapore
Gname 083 Inc,gname 083 inc,4075,Singapore
Gname 084 Inc,gname 084 inc,4076,Singapore
Gname 085 Inc,gname 085 inc,4077,Singapore
Gname 086 Inc,gname 086 inc,4078,Singapore
Gname 087 Inc,gname 087 inc,4079,Singapore
Gname 088 Inc,gname 088 inc,4080,Singapore
Gname 089 Inc,gname 089 inc,4081,Singapore
Gname 090 Inc,gname 090 inc,4082,Singapore
Gname 091 Inc,gname 091 inc,4083,Singapore
Gname 092 Inc,gname 092 inc,4084,Singapore
Gname 093 Inc,gname 093 inc,4085,Singapore
Gname 094 Inc,gname 094 inc,4086,Singapore
Gname 095 Inc,gname 095 inc,4087,Singapore
Gname 096 Inc,gname 096 inc,4088,Singapore
Gname 097 Inc,gname 097 inc,4089,Singapore
Gname 098 Inc,gname 098 inc,4090,Singapore
Gname 099 Inc,gname 099 inc,4091,Singapore
Gname 100 Inc,gname 100 inc,4092,Singapore
Gname 101 Inc,gname 101 inc,4093,Singapore
Gname 102 Inc,gname 102 inc,4094,Singapore
Gname 103 Inc,gname 103 inc,4095,Singapore
Gname 104 Inc,gname 104 inc,4096,Singapore
Gname 105 Inc,gname 105 inc,4097,Singapore
Gname 106 Inc,gname 106 inc,4098,Singapore
Gname 107 Inc,gname 107 inc,4099,Singapore
Gname 108 Inc,gname 108 inc,4100,Singapore
Gname 109 Inc,gname 109 inc,4101,Singapore
Gname 110 Inc,gname 110 inc,4102,Singapore
Gname 111 Inc,gname 111 inc,4103,Singapore
Gname 112 Inc,gname 112 inc,4104,Singapore
Gname 113 Inc,gname 113 inc,4105,Singapore
Gname 114 Inc,gname 114 inc,4106,Singapore
Gname 115 Inc,gname 115 inc,4107,Singapore
Gname 116 Inc,gname 116 inc,4108,Singapore
Gname 117 Inc,gname 117 inc,4109,Singapore
Gname 118 Inc,gname 118 inc,4110,Singapore
Gname 119 Inc,gname 119 inc,4111,Singapore
Gname 120 Inc,gname 120 inc,4112,Singapore
Gname 121 Inc,gname 121 inc,4113,Singapore
Gname 122 Inc,gname 122 inc,4114,Singapore
Gname 123 Inc,gname 123 inc,4115,Singapore
Gname 124 Inc,gname 124 inc,4116,Singapore
Gname 125 Inc,gname 125 inc,4117,Singapore
Gname 126 Inc,gname 126 inc,4118,Singapore
Gname 127 Inc,gname 127 inc,4119,Singapore
Gname 128 Inc,gname 128 inc,4120,Singapore
Gname 129 Inc,gname 129 inc,4121,Singapore
Gname 130 Inc,gname 130 inc,4122,Singapore
Gname 131 Inc,gname 131 inc,4123,Singapore
Gname 132 Inc,gname 132 inc,4124,Singapore
Gname 133 Inc,gname 133 inc,4125,Singapore
Gname 134 Inc,gname 134 inc,4126,Singapore
Gname 135 Inc,gname 135 inc,4127,Singapore
Gname 136 Inc,gname 136 inc,4128,Singapore
Gname 137 Inc,gname 137 inc,4129,Singapore
Gname 138 Inc,gname 138 inc,4130,Singapore
Gname 139 Inc,gname 139 inc,4131,Singapore
Gname 140 Inc,gname 140 inc,4132,Singapore
Gname 141 Inc,gname 141 inc,4133,Singapore
Gname 142 Inc,gname 142 inc,4134,Singapore
Gname 143 Inc,gname 143 inc,4135,Singapore
Gname 144 Inc,gname 144 inc,4136,Singapore
Gname 145 Inc,gname 145 inc,4137,Singapore
Gname 146 Inc,gname 146 inc,4138,Singapore
Gname 147 Inc,gname 147 inc,4139,Singapore
Gname 148 Inc,gname 148 inc,4140,Singapore
Gname 149 Inc,gname 149 inc,4141,Singapore
Gname 150 Inc,gname 150 inc,4142,Singapore
Gname 151 Inc,gname 151 inc,4164,Singapore
Gname 152 Inc,gname 152 inc,4165,Singapore
Gname 153 Inc,gname 153 inc,4166,Singapore
Gname 154 Inc,gname 154 inc,4167,Singapore
Gname 155 Inc,gname 155 inc,4168,Singapore
Gname 156 Inc,gname 156 inc,4169,Singapore
Gname 157 Inc,gname 157 inc,4170,Singapore
Gname 158 Inc,gname 158 inc,4171,Singapore
Gname 159 Inc,gname 159 inc,4172,Singapore
Gname 160 Inc,gname 160 inc,4173,Singapore
Gname 161 Inc,gname 161 inc,4174,Singapore
Gname 162 Inc,gname 162 inc,4175,Singapore
Gname 163 Inc,gname 163 inc,4176,Singapore
Gname 164 Inc,gname 164 inc,4177,Singapore
Gname 165 Inc,gname 165 inc,4178,Singapore
Gname 166 Inc,gname 166 inc,4179,Singapore
Gname 167 Inc,gname 167 inc,4180,Singapore
Gname 168 Inc,gname 168 inc,4181,Singapore
Gname 169 Inc,gname 169 inc,4182,Singapore
Gname 170 Inc,gname 170 inc,4183,Singapore
Gname 171 Inc,gname 171 inc,4184,Singapore
Gname 172 Inc,gname 172 inc,4185,Singapore
Gname 173 Inc,gname 173 inc,4186,Singapore
Gname 174 Inc,gname 174 inc,4187,Singapore
Gname 175 Inc,gname 175 inc,4188,Singapore
Gname 176 Inc,gname 176 inc,4189,Singapore
Gname 177 Inc,gname 177 inc,4190,Singapore
Gname 178 Inc,gname 178 inc,4191,Singapore
Gname 179 Inc,gname 179 inc,4192,Singapore
Gname 180 Inc,gname 180 inc,4193,Singapore
Gname 181 Inc,gname 181 inc,4194,Singapore
Gname 182 Inc,gname 182 inc,4195,Singapore
Gname 183 Inc,gname 183 inc,4196,Singapore
Gname 184 Inc,gname 184 inc,4197,Singapore
Gname 185 Inc,gname 185 inc,4198,Singapore
Gname 186 Inc,gname 186 inc,4199,Singapore
Gname 187 Inc,gname 187 inc,4200,Singapore
Gname 188 Inc,gname 188 inc,4201,Singapore
Gname 189 Inc,gname 189 inc,4202,Singapore
Gname 190 Inc,gname 190 inc,4203,Singapore
Gname 191 Inc,gname 191 inc,4204,Singapore
Gname 192 Inc,gname 192 inc,4205,Singapore
Gname 193 Inc,gname 193 inc,4206,Singapore
Gname 194 Inc,gname 194 inc,4207,Singapore
Gname 195 Inc,gname 195 inc,4208,Singapore
Gname 196 Inc,gname 196 inc,4209,Singapore
Gname 197 Inc,gname 197 inc,4210,Singapore
Gname 198 Inc,gname 198 inc,4211,Singapore
Gname 199 Inc,gname 199 inc,4212,Singapore
Gname 200 Inc,gname 200 inc,4213,Singapore
Gname 201 Inc,gname 201 inc,4214,Singapore
Gname 202 Inc,gname 202 inc,4215,Singapore
Gname 203 Inc,gname 203 inc,4216,Singapore
Gname 204 Inc,gname 204 inc,4217,Singapore
Gname 205 Inc,gname 205 inc,4218,Singapore
Gname 206 Inc,gname 206 inc,4219,Singapore
Gname 207 Inc,gname 207 inc,4220,Singapore
Gname 208 Inc,gname 208 inc,4221,Singapore
Gname 209 Inc,gname 209 inc,4222,Singapore
Gname 210 Inc,gname 210 inc,4223,Singapore
Gname 211 Inc,gname 211 inc,4224,Singapore
Gname 212 Inc,gname 212 inc,4225,Singapore
Gname 213 Inc,gname 213 inc,4226,Singapore
Gname 214 Inc,gname 214 inc,4227,Singapore
Gname 215 Inc,gname 215 inc,4228,Singapore
Gname 216 Inc,gname 216 inc,4229,Singapore
Gname 217 Inc,gname 217 inc,4230,Singapore
Gname 218 Inc,gname 218 inc,4231,Singapore
Gname 219 Inc,gname 219 inc,4232,Singapore
Gname 220 Inc,gname 220 inc,4233,Singapore
Gname 221 Inc,gname 221 inc,4234,Singapore
Gname 222 Inc,gname 222 inc,4235,Singapore
Gname 223 Inc,gname 223 inc,4236,Singapore
Gname 224 Inc,gname 224 inc,4237,Singapore
Gname 225 Inc,gname 225 inc,4238,Singapore
Gname 226 Inc,gname 226 inc,4239,Singapore
Gname 227 Inc,gname 227 inc,4240,Singapore
Gname 228 Inc,gname 228 inc,4241,Singapore
Gname 229 Inc,gname 229 inc,4242,Singapore
Gname 230 Inc,gname 230 inc,4243,Singapore
Gname 231 Inc,gname 231 inc,4244,Singapore
Gname 232 Inc,gname 232 inc,4245,Singapore
Gname 233 Inc,gname 233 inc,4246,Singapore
Gname 234 Inc,gname 234 inc,4247,Singapore
Gname 235 Inc,gname 235 inc,4248,Singapore
Gname 236 Inc,gname 236 inc,4249,Singapore
Gname 237 Inc,gname 237 inc,4250,Singapore
Gname 238 Inc,gname 238 inc,4251,Singapore
Gname 239 Inc,gname 239 inc,4252,Singapore
Gname 240 Inc,gname 240 inc,4253,Singapore
Gname 241 Inc,gname 241 inc,4254,Singapore
Gname 242 Inc,gname 242 inc,4255,Singapore
Gname 243 Inc,gname 243 inc,4256,Singapore
Gname 244 Inc,gname 244 inc,4257,Singapore
Gname 245 Inc,gname 245 inc,4258,Singapore
Gname 246 Inc,gname 246 inc,4259,Singapore
Gname 247 Inc,gname 247 inc,4260,Singapore
Gname 248 Inc,gname 248 inc,4261,Singapore
Gname 249 Inc,gname 249 inc,4262,Singapore
Gname 250 Inc,gname 250 inc,4263,Singapore
Gname 251 Inc,gname 251 inc,4264,Singapore
Gname 252 Inc,gname 252 inc,4265,Singapore
Gname 253 Inc,gname 253 inc,4266,Singapore
Gname 254 Inc,gname 254 inc,4267,Singapore
Gname 255 Inc,gname 255 inc,4268,Singapore
Gname 256 Inc,gname 256 inc,4269,Singapore
Gname 257 Inc,gname 257 inc,4270,Singapore
Gname 258 Inc,gname 258 inc,4271,Singapore
Gname 259 Inc,gname 259 inc,4272,Singapore
Gname 260 Inc,gname 260 inc,4273,Singapore
Gname 261 Inc,gname 261 inc,4274,Singapore
Gname 262 Inc,gname 262 inc,4275,Singapore
Gname 263 Inc,gname 263 inc,4276,Singapore
Gname 264 Inc,gname 264 inc,4277,Singapore
Gname 265 Inc,gname 265 inc,4278,Singapore
Gname 266 Inc,gname 266 inc,4279,Singapore
Gname 267 Inc,gname 267 inc,4280,Singapore
Gname 268 Inc,gname 268 inc,4281,Singapore
Gname 269 Inc,gname 269 inc,4282,Singapore
Gname 270 Inc,gname 270 inc,4283,Singapore
Gname 271 Inc,gname 271 inc,4284,Singapore
Gname 272 Inc,gname 272 inc,4285,Singapore
Gname 273 Inc,gname 273 inc,4286,Singapore
Gname 274 Inc,gname 274 inc,4287,Singapore
Gname 275 Inc,gname 275 inc,4288,Singapore
Gname 276 Inc,gname 276 inc,4289,Singapore
Gname 277 Inc,gname 277 inc,4290,Singapore
Gname 278 Inc,gname 278 inc,4291,Singapore
Gname 279 Inc,gname 279 inc,4292,Singapore
Gname 280 Inc,gname 280 inc,4293,Singapore
Gname 281 Inc,gname 281 inc,4294,Singapore
Gname 282 Inc,gname 282 inc,4295,Singapore
Gname 283 Inc,gname 283 inc,4296,Singapore
Gname 284 Inc,gname 284 inc,4297,Singapore
Gname 285 Inc,gname 285 inc,4298,Singapore
Gname 286 Inc,gname 286 inc,4299,Singapore
Gname 287 Inc,gname 287 inc,4300,Singapore
Gname 288 Inc,gname 288 inc,4301,Singapore
Gname 289 Inc,gname 289 inc,4302,Singapore
Gname 290 Inc,gname 290 inc,4303,Singapore
Gname 291 Inc,gname 291 inc,4304,Singapore
Gname 292 Inc,gname 292 inc,4305,Singapore
Gname 293 Inc,gname 293 inc,4306,Singapore
Gname 294 Inc,gname 294 inc,4307,Singapore
Gname 295 Inc,gname 295 inc,4308,Singapore
Gname 296 Inc,gname 296 inc,4309,Singapore
Gname 297 Inc,gname 297 inc,4310,Singapore
Gname 298 Inc,gname 298 inc,4311,Singapore
Gname 299 Inc,gname 299 inc,4312,Singapore
Gname 300 Inc,gname 300 inc,4313,Singapore
Gname 301 Inc,gname 301 inc,4343,Singapore
Gname 302 Inc,gname 302 inc,4344,Singapore
Gname 303 Inc,gname 303 inc,4345,Singapore
Gname 304 Inc,gname 304 inc,4346,Singapore
Gname 305 Inc,gname 305 inc,4347,Singapore
Gname 306 Inc,gname 306 inc,4348,Singapore
Gname 307 Inc,gname 307 inc,4349,Singapore
Gname 308 Inc,gname 308 inc,4350,Singapore
Gname 309 Inc,gname 309 inc,4351,Singapore
Gname 310 Inc,gname 310 inc,4352,Singapore
Gname 311 Inc,gname 311 inc,4353,Singapore
Gname 312 Inc,gname 312 inc,4354,Singapore
Gname 313 Inc,gname 313 inc,4355,Singapore
Gname 314 Inc,gname 314 inc,4356,Singapore
Gname 315 Inc,gname 315 inc,4357,Singapore
Gname 316 Inc,gname 316 inc,4358,Singapore
Gname 317 Inc,gname 317 inc,4359,Singapore
Gname 318 Inc,gname 318 inc,4360,Singapore
Gname 319 Inc,gname 319 inc,4361,Singapore
Gname 320 Inc,gname 320 inc,4362,Singapore
Gname 321 Inc,gname 321 inc,4363,Singapore
Gname 322 Inc,gname 322 inc,4364,Singapore
Gname 323 Inc,gname 323 inc,4365,Singapore
Gname 324 Inc,gname 324 inc,4366,Singapore
Gname 325 Inc,gname 325 inc,4367,Singapore
Gname 326 Inc,gname 326 inc,4368,Singapore
Gname 327 Inc,gname 327 inc,4369,Singapore
Gname 328 Inc,gname 328 inc,4370,Singapore
Gname 329 Inc,gname 329 inc,4371,Singapore
Gname 330 Inc,gname 330 inc,4372,Singapore
Gname 331 Inc,gname 331 inc,4373,Singapore
Gname 332 Inc,gname 332 inc,4374,Singapore
Gname 333 Inc,gname 333 inc,4375,Singapore
Gname 334 Inc,gname 334 inc,4376,Singapore
Gname 335 Inc,gname 335 inc,4377,Singapore
Gname 336 Inc,gname 336 inc,4378,Singapore
Gname 337 Inc,gname 337 inc,4379,Singapore
Gname 338 Inc,gname 338 inc,4380,Singapore
Gname 339 Inc,gname 339 inc,4381,Singapore
Gname 340 Inc,gname 340 inc,4382,Singapore
Gname 341 Inc,gname 341 inc,4383,Singapore
Gname 342 Inc,gname 342 inc,4384,Singapore
Gname 343 Inc,gname 343 inc,4385,Singapore
Gname 344 Inc,gname 344 inc,4386,Singapore
Gname 345 Inc,gname 345 inc,4387,Singapore
Gname 346 Inc,gname 346 inc,4388,Singapore
Gname 347 Inc,gname 347 inc,4389,Singapore
Gname 348 Inc,gname 348 inc,4390,Singapore
Gname 349 Inc,gname 349 inc,4391,Singapore
Gname 350 Inc,gname 350 inc,4392,Singapore
Gname 351 Inc,gname 351 inc,4393,Singapore
Gname 352 Inc,gname 352 inc,4394,Singapore
Gname 353 Inc,gname 353 inc,4395,Singapore
Gname 354 Inc,gname 354 inc,4396,Singapore
Gname 355 Inc,gname 355 inc,4397,Singapore
Gname 356 Inc,gname 356 inc,4398,Singapore
Gname 357 Inc,gname 357 inc,4399,Singapore
Gname 358 Inc,gname 358 inc,4400,Singapore
Gname 359 Inc,gname 359 inc,4401,Singapore
Gname 360 Inc,gname 360 inc,4402,Singapore
Gname 361 Inc,gname 361 inc,4403,Singapore
Gname 362 Inc,gname 362 inc,4404,Singapore
Gname 363 Inc,gname 363 inc,4405,Singapore
Gname 364 Inc,gname 364 inc,4406,Singapore
Gname 365 Inc,gname 365 inc,4407,Singapore
Gname 366 Inc,gname 366 inc,4408,Singapore
Gname 367 Inc,gname 367 inc,4409,Singapore
Gname 368 Inc,gname 368 inc,4410,Singapore
Gname 369 Inc,gname 369 inc,4411,Singapore
Gname 370 Inc,gname 370 inc,4412,Singapore
Gname 371 Inc,gname 371 inc,4413,Singapore
Gname 372 Inc,gname 372 inc,4414,Singapore
Gname 373 Inc,gname 373 inc,4415,Singapore
Gname 374 Inc,gname 374 inc,4416,Singapore
Gname 375 Inc,gname 375 inc,4417,Singapore
Gname 376 Inc,gname 376 inc,4418,Singapore
Gname 377 Inc,gname 377 inc,4419,Singapore
Gname 378 Inc,gname 378 inc,4420,Singapore
Gname 379 Inc,gname 379 inc,4421,Singapore
Gname 380 Inc,gname 380 inc,4422,Singapore
Gname 381 Inc,gname 381 inc,4423,Singapore
Gname 382 Inc,gname 382 inc,4424,Singapore
Gname 383 Inc,gname 383 inc,4425,Singapore
Gname 384 Inc,gname 384 inc,4426,Singapore
Gname 385 Inc,gname 385 inc,4427,Singapore
Gname 386 Inc,gname 386 inc,4428,Singapore
Gname 387 Inc,gname 387 inc,4429,Singapore
Gname 388 Inc,gname 388 inc,4430,Singapore
Gname 389 Inc,gname 389 inc,4431,Singapore
Gname 390 Inc,gname 390 inc,4432,Singapore
Gname 391 Inc,gname 391 inc,4433,Singapore
Gname 392 Inc,gname 392 inc,4434,Singapore
Gname 393 Inc,gname 393 inc,4435,Singapore
Gname 394 Inc,gname 394 inc,4436,Singapore
Gname 395 Inc,gname 395 inc,4437,Singapore
Gname 396 Inc,gname 396 inc,4438,Singapore
Gname 397 Inc,gname 397 inc,4439,Singapore
Gname 398 Inc,gname 398 inc,4440,Singapore
Gname 399 Inc,gname 399 inc,4441,Singapore
Gname 400 Inc,gname 400 inc,4442,Singapore
Gname 401 Inc,gname 401 inc,4443,Singapore
Gname 402 Inc,gname 402 inc,4444,Singapore
Gname 403 Inc,gname 403 inc,4445,Singapore
Gname 404 Inc,gname 404 inc,4446,Singapore
Gname 405 Inc,gname 405 inc,4447,Singapore
Gname 406 Inc,gname 406 inc,4448,Singapore
Gname 407 Inc,gname 407 inc,4449,Singapore
Gname 408 Inc,gname 408 inc,4450,Singapore
Gname 409 Inc,gname 409 inc,4451,Singapore
Gname 410 Inc,gname 410 inc,4452,Singapore
Gname 411 Inc,gname 411 inc,4453,Singapore
Gname 412 Inc,gname 412 inc,4454,Singapore
Gname 413 Inc,gname 413 inc,4455,Singapore
Gname 414 Inc,gname 414 inc,4456,Singapore
Gname 415 Inc,gname 415 inc,4457,Singapore
Gname 416 Inc,gname 416 inc,4458,Singapore
Gname 417 Inc,gname 417 inc,4459,Singapore
Gname 418 Inc,gname 418 inc,4460,Singapore
Gname 419 Inc,gname 419 inc,4461,Singapore
Gname 420 Inc,gname 420 inc,4462,Singapore
Gname 421 Inc,gname 421 inc,4463,Singapore
Gname 422 Inc,gname 422 inc,4464,Singapore
Gname 423 Inc,gname 423 inc,4465,Singapore
Gname 424 Inc,gname 424 inc,4466,Singapore
Gname 425 Inc,gname 425 inc,4467,Singapore
Gname 426 Inc,gname 426 inc,4468,Singapore
Gname 427 Inc,gname 427 inc,4469,Singapore
Gname 428 Inc,gname 428 inc,4470,Singapore
Gname 429 Inc,gname 429 inc,4471,Singapore
Gname 430 Inc,gname 430 inc,4472,Singapore
Gname 431 Inc,gname 431 inc,4473,Singapore
Gname 432 Inc,gname 432 inc,4474,Singapore
Gname 433 Inc,gname 433 inc,4475,Singapore
Gname 434 Inc,gname 434 inc,4476,Singapore
Gname 435 Inc,gname 435 inc,4477,Singapore
Gname 436 Inc,gname 436 inc,4478,Singapore
Gname 437 Inc,gname 437 inc,4479,Singapore
Gname 438 Inc,gname 438 inc,4480,Singapore
Gname 439 Inc,gname 439 inc,4481,Singapore
Gname 440 Inc,gname 440 inc,4482,Singapore
Gname 441 Inc,gname 441 inc,4483,Singapore
Gname 442 Inc,gname 442 inc,4484,Singapore
Gname 443 Inc,gname 443 inc,4485,Singapore
Gname 444 Inc,gname 444 inc,4486,Singapore
Gname 445 Inc,gname 445 inc,4487,Singapore
Gname 446 Inc,gname 446 inc,4488,Singapore
Gname 447 Inc,gname 447 inc,4489,Singapore
Gname 448 Inc,gname 448 inc,4490,Singapore
Gname 449 Inc,gname 449 inc,4491,Singapore
Gname 450 Inc,gname 450 inc,4492,Singapore
Gname 451 Inc,gname 451 inc,4493,Singapore
Gname 452 Inc,gname 452 inc,4494,Singapore
Gname 453 Inc,gname 453 inc,4495,Singapore
Gname 454 Inc,gname 454 inc,4496,Singapore
Gname 455 Inc,gname 455 inc,4497,Singapore
Gname 456 Inc,gname 456 inc,4498,Singapore
Gname 457 Inc,gname 457 inc,4499,Singapore
Gname 458 Inc,gname 458 inc,4500,Singapore
Gname 459 Inc,gname 459 inc,4501,Singapore
Gname 460 Inc,gname 460 inc,4502,Singapore
Gname 461 Inc,gname 461 inc,4503,Singapore
Gname 462 Inc,gname 462 inc,4504,Singapore
Gname 463 Inc,gname 463 inc,4505,Singapore
Gname 464 Inc,gname 464 inc,4506,Singapore
Gname 465 Inc,gname 465 inc,4507,Singapore
Gname 466 Inc,gname 466 inc,4508,Singapore
Gname 467 Inc,gname 467 inc,4509,Singapore
Gname 468 Inc,gname 468 inc,4510,Singapore
Gname 469 Inc,gname 469 inc,4511,Singapore
Gname 470 Inc,gname 470 inc,4512,Singapore
Gname 471 Inc,gname 471 inc,4513,Singapore
Gname 472 Inc,gname 472 inc,4514,Singapore
Gname 473 Inc,gname 473 inc,4515,Singapore
Gname 474 Inc,gname 474 inc,4516,Singapore
Gname 475 Inc,gname 475 inc,4517,Singapore
Gname 476 Inc,gname 476 inc,4518,Singapore
Gname 477 Inc,gname 477 inc,4519,Singapore
Gname 478 Inc,gname 478 inc,4520,Singapore
Gname 479 Inc,gname 479 inc,4521,Singapore
Gname 480 Inc,gname 480 inc,4522,Singapore
Gname 481 Inc,gname 481 inc,4523,Singapore
Gname 482 Inc,gname 482 inc,4524,Singapore
Gname 483 Inc,gname 483 inc,4525,Singapore
Gname 484 Inc,gname 484 inc,4526,Singapore
Gname 485 Inc,gname 485 inc,4527,Singapore
Gname 486 Inc,gname 486 inc,4528,Singapore
Gname 487 Inc,gname 487 inc,4529,Singapore
Gname 488 Inc,gname 488 inc,4530,Singapore
Gname 489 Inc,gname 489 inc,4531,Singapore
Gname 490 Inc,gname 490 inc,4532,Singapore
Gname 491 Inc,gname 491 inc,4533,Singapore
Gname 492 Inc,gname 492 inc,4534,Singapore
Gname 493 Inc,gname 493 inc,4535,Singapore
Gname 494 Inc,gname 494 inc,4536,Singapore
Gname 495 Inc,gname 495 inc,4537,Singapore
Gname 496 Inc,gname 496 inc,4538,Singapore
Gname 497 Inc,gname 497 inc,4539,Singapore
Gname 498 Inc,gname 498 inc,4540,Singapore
Gname 499 Inc,gname 499 inc,4541,Singapore
Gname 500 Inc,gname 500 inc,4542,Singapore
Gname.com Pte. Ltd.,gname.com pte. ltd.,1923,Singapore
"Go Australia Domains, LLC","go australia domains, llc",1151,United States of America
"Go Canada Domains, LLC","go canada domains, llc",1150,United States of America
"Go China Domains, LLC","go china domains, llc",1149,United States of America
"Go France Domains, LLC","go france domains, llc",1153,United States of America
"Go Full House, LLC","go full house, llc",1121,India
"Go Montenegro Domains, LLC","go montenegro domains, llc",1152,United States of America
GO54 LIMITED,go54 limited,3954,Nigeria
"GoDaddy Corporate Domains, LLC","godaddy corporate domains, llc",3786,United States of America
GoDaddy Online Services Cayman Islands Ltd.,godaddy online services cayman islands ltd.,1659,United States of America
"GoDaddy.com, LLC","godaddy.com, llc",146,United States of America
Godomaingo.com LLC,godomaingo.com llc,1211,United States of America
Gold Domain Names LLC,gold domain names llc,2850,United States of America
Goldenfind Domains LLC,goldenfind domains llc,2851,United States of America
Goldmine Domains LLC,goldmine domains llc,2852,United States of America
Good Domain Registry Pvt Ltd.,good domain registry pvt ltd.,1533,India
Good Name Network Technology Ltd.,good name network technology ltd.,1608,China
GoServeYourDomain.com LLC,goserveyourdomain.com llc,934,United States of America
Goto Domains LLC,goto domains llc,2853,United States of America
Gozerdomains.com LLC,gozerdomains.com llc,1212,United States of America
Gradeadomainnames.com LLC,gradeadomainnames.com llc,1213,United States of America
"Gransy, s.r.o.","gransy, s.r.o.",1505,Czech Republic
"GreenZoneDomains, LLC","greenzonedomains, llc",1597,United States of America
GrepApps Technology Inc.,grepapps technology inc.,3886,"Taipei, Chinese"
Grupo Loading Systems S.L.,grupo loading systems s.l.,3853,Spain
"Guangdong HUYI Internet & IP Services Co., Ltd.","guangdong huyi internet & ip services co., ltd.",1925,China
"Guangdong JinWanBang Technology Investment Co., Ltd.","guangdong jinwanbang technology investment co., ltd.",1525,China
"Guangdong Nicenic Technology Co., Ltd. dba NiceNIC","guangdong nicenic technology co., ltd. dba nicenic",1619,China
"Guangzhou Domains, Inc.","guangzhou domains, inc.",1922,"Hong Kong, China"
"Guangzhou Ming Yang Information Technology Co., Ltd","guangzhou ming yang information technology co., ltd",1417,China
"Guangzhou YI YOU Information and Technology Co., Ltd","guangzhou yi you information and technology co., ltd",3821,China
"Guangzhou Yunxun Information Technology Co., Ltd.","guangzhou yunxun information technology co., ltd.",3793,China
"Guizhou Zhongyu Zhike Network Technology Co., Ltd.","guizhou zhongyu zhike network technology co., ltd.",3814,China
Hainan Meijieda Technology Limited,hainan meijieda technology limited,3955,China
"Hang Ten Domains, LLC","hang ten domains, llc",2260,United States of America
"HANGANG Systems, Inc. dba Doregi.com","hangang systems, inc. dba doregi.com",87,"Korea, Republic of"
Hanging Curve Domains LLC,hanging curve domains llc,2854,United States of America
"Hangzhou AiMing Network Co., Ltd.","hangzhou aiming network co., ltd.",1465,China
"Hangzhou Dianshang Internet Technology Co., LTD","hangzhou dianshang internet technology co., ltd",1739,China
"Hangzhou MarkSmile Technology Co., Ltd","hangzhou marksmile technology co., ltd",3777,China
"Haveaname, LLC","haveaname, llc",973,United States of America
Hawthornedomains.com LLC,hawthornedomains.com llc,1341,United States of America
"HazelDomains, Inc.","hazeldomains, inc.",1902,"Hong Kong, China"
Heavydomains.net LLC,heavydomains.net llc,1214,United States of America
"Hefei Juming Network Technology Co., Ltd","hefei juming network technology co., ltd",3758,China
"Hefei Xunyun Network Technology Co., Ltd","hefei xunyun network technology co., ltd",3890,China
Hello Internet Corp,hello internet corp,1924,United States of America
Hetzner Online GmbH,hetzner online gmbh,828,Germany
Hogan Lovells International LLP,hogan lovells international llp,1526,France
"HongKong Di En Si International Co., Limited","hongkong di en si international co., limited",2504,"Hong Kong, China"
Hongkong Kouming International Limited,hongkong kouming international limited,3972,"Hong Kong, China"
Host Africa (Pty.) Ltd.,host africa (pty.) ltd.,664,South Africa
Hosteur SARL,hosteur sarl,1378,France
Hosting Concepts B.V. d/b/a Registrar.eu,hosting concepts b.v. d/b/a registrar.eu,1647,Netherlands
Hosting Ukraine LLC,hosting ukraine llc,2374,Ukraine
"HOSTINGER operations, UAB","hostinger operations, uab",1636,Lithuania
"Hostlane, LLC","hostlane, llc",847,United States of America
Hostopia Canada Corp,hostopia canada corp,52,Canada
Hostpoint AG,hostpoint ag,1696,Switzerland
HostPro Lab,hostpro lab,4021,Ukraine
Hostyaga FZE LLC,hostyaga fze llc,4314,United Arab Emirates
"Hotdomaintrade.com, LLC","hotdomaintrade.com, llc",1663,India
"House of Domains, LLC","house of domains, llc",2347,United States of America
http.net Internet GmbH,http.net internet gmbh,976,Germany
Hu Yi Global Information Hong Kong Limited,hu yi global information hong kong limited,1481,"Hong Kong, China"
humbly LLC,humbly llc,1894,United States of America
"Hydra Registrar, LLC","hydra registrar, llc",4041,United States of America
Iconicnames LLC,iconicnames llc,2855,United States of America
IDC Frontier Inc.,idc frontier inc.,474,Japan
"IHS Telekom, Inc.","ihs telekom, inc.",1091,Türkiye
Imminentdomains.net LLC,imminentdomains.net llc,1215,United States of America
"Imperial Registrations, Inc.","imperial registrations, inc.",987,United States of America
In2net Network Inc.,in2net network inc.,604,Canada
"Inames Co., Ltd.","inames co., ltd.",444,"Korea, Republic of"
"Indirection Identity, LLC","indirection identity, llc",706,United States of America
iNET SOFTWARE COMPANY LIMITED,inet software company limited,3234,Viet Nam
"Infinitld (Beijing) Technology Co., Ltd.","infinitld (beijing) technology co., ltd.",4155,China
Infomaniak Network SA,infomaniak network sa,3240,Switzerland
Ingenit GmbH & Co. KG,ingenit gmbh & co. kg,1700,Germany
Inic GmbH,inic gmbh,603,Switzerland
"InlandDomains, LLC","inlanddomains, llc",1669,United States of America
InsaneNames LLC,insanenames llc,1686,United States of America
"Instant Labs, Inc.","instant labs, inc.",3952,Canada
INSTANTNAMES LLC,instantnames llc,1256,United States of America
"Instinct Solutions, LLC","instinct solutions, llc",1113,India
Instra Corporation Pty Ltd.,instra corporation pty ltd.,1376,Australia
"Interdominios, Inc.","interdominios, inc.",818,Spain
Interlakenames.com LLC,interlakenames.com llc,1216,United States of America
"Interlink Co., Ltd.","interlink co., ltd.",277,Japan
Internet Domain Name System Beijing Engineering Research Center LLC (ZDNS),internet domain name system beijing engineering research center llc (zdns),1723,China
Internet Domain Service BS Corp,internet domain service bs corp,2487,Bahamas
"Internet Internal Affairs, LLC","internet internal affairs, llc",699,United States of America
"Internet Invest, Ltd. dba Imena.ua","internet invest, ltd. dba imena.ua",1112,Ukraine
InterNetX GmbH,internetx gmbh,151,Germany
Intracom Middle East FZE,intracom middle east fze,1875,United Arab Emirates
INWX GmbH,inwx gmbh,1420,Germany
IONOS SE,ionos se,83,Germany
IP Twins SAS,ip twins sas,1728,France
IPIP INC.,ipip inc.,3774,"Virgin Islands, British"
IServeYourDomain.com LLC,iserveyourdomain.com llc,944,United States of America
Itconnect Scandinavia AB,itconnect scandinavia ab,1435,Sweden
ITEASY Inc.,iteasy inc.,1542,"Korea, Republic of"
İsimtescil Bilişim A.Ş.,i̇simtescil bilişim a.ş.,3826,Türkiye
"Japan Registry Services Co., Ltd.","japan registry services co., ltd.",1485,Japan
JarheadDomains.com LLC,jarheaddomains.com llc,1737,United States of America
Jiangsu Bangning Science & technology Co. Ltd.,jiangsu bangning science & technology co. ltd.,1469,China
"JPRS Registrar Co., Ltd.","jprs registrar co., ltd.",1721,Japan
July Name Limited,july name limited,3855,"Hong Kong, China"
"Jumbo Name, LLC","jumbo name, llc",1148,India
Jumpshot Domains LLC,jumpshot domains llc,2856,United States of America
Kagoya Japan Inc.,kagoya japan inc.,1656,Japan
Kaunas University of Technology,kaunas university of technology,1318,Lithuania
Kenpai International Technology Limited,kenpai international technology limited,4543,"Hong Kong, China"
"Key Registrar, LLC","key registrar, llc",1122,India
Key-Systems GmbH,key-systems gmbh,269,Germany
"Key-Systems, LLC","key-systems, llc",1345,United States of America
Kheweul.com SA,kheweul.com sa,1364,Senegal
"Kingdomains, LLC","kingdomains, llc",912,United States of America
Klaatudomains.com LLC,klaatudomains.com llc,1360,United States of America
"Knet Registrar Co., Ltd.","knet registrar co., ltd.",3225,China
Knipp Medien und Kommunikation GmbH,knipp medien und kommunikation gmbh,3779,Germany
"KQW, Inc.","kqw, inc.",1903,"Hong Kong, China"
KuwaitNET General Trading Co.,kuwaitnet general trading co.,835,Kuwait
Lakeodomains.com LLC,lakeodomains.com llc,1359,United States of America
Launchpad.com Inc.,launchpad.com inc.,955,United States of America
Layup Domains LLC,layup domains llc,2857,United States of America
"Leatherneckdomains.com, LLC","leatherneckdomains.com, llc",2261,United States of America
Ledl.net GmbH,ledl.net gmbh,809,Austria
"LegalForce RAPC Worldwide, Professional Corporation","legalforce rapc worldwide, professional corporation",4160,United States of America
LEMARIT GmbH,lemarit gmbh,1625,Germany
"Lemon Shark Domains, LLC","lemon shark domains, llc",2348,United States of America
Lexsynergy Limited,lexsynergy limited,1466,United Kingdom of Great Britain and Northern Ireland
"Lightscend Co.,Ltd.","lightscend co.,ltd.",2911,Japan
Ligne Web Services SAS dba LWS,ligne web services sas dba lws,1630,France
"Line Drive Domains, LLC","line drive domains, llc",2262,United States of America
"Link, For Technology & General Trading Ltd.","link, for technology & general trading ltd.",3979,Iraq
"Lionshare Domains, LLC","lionshare domains, llc",2237,United States of America
LiquidNet Ltd.,liquidnet ltd.,1472,United Kingdom of Great Britain and Northern Ireland
LiteDomains LLC,litedomains llc,1687,United States of America
LogicBoxes Naming Services Ltd.,logicboxes naming services ltd.,1745,India
Long Drive Domains LLC,long drive domains llc,2858,United States of America
Longming Pte. Ltd.,longming pte. ltd.,3888,Singapore
"Lucky Elephant Domains, LLC","lucky elephant domains, llc",2238,United States of America
"MAFF AVENUE, INC.","maff avenue, inc.",1873,"Hong Kong, China"
MAFF Inc.,maff inc.,817,United States of America
"Magic Friday, LLC","magic friday, llc",1123,India
"Magnate Domains, LLC","magnate domains, llc",2239,United States of America
"Magnolia Domains, LLC","magnolia domains, llc",2263,United States of America
MainReg Inc.,mainreg inc.,1917,Bulgaria
"Major League Domains, LLC","major league domains, llc",2264,United States of America
Marcaria International LLC,marcaria international llc,1086,United States of America
MarkMonitor Inc.,markmonitor inc.,292,United States of America
"MarkMonitor Information Technology (Shanghai) Co., Ltd.","markmonitor information technology (shanghai) co., ltd.",3838,United States of America
"Masterhost, LLC","masterhost, llc",4152,Russian Federation
Masterofmydomains.net LLC,masterofmydomains.net llc,1358,United States of America
MAT BAO CORPORATION,mat bao corporation,1586,Viet Nam
Maxinames LTD,maxinames ltd,3757,United Kingdom of Great Britain and Northern Ireland
"Mayi Information Co., Limited","mayi information co., limited",3221,"Hong Kong, China"
"Media Elite Holdings Limited, S.A.","media elite holdings limited, s.a.",1114,"Panama, Republic of"
Meganames LLC,meganames llc,2860,United States of America
"Megazone Corp., dba HOSTING.KR","megazone corp., dba hosting.kr",1489,"Korea, Republic of"
Mesh Digital Limited,mesh digital limited,1390,United States of America
Metaregistrar BV,metaregistrar bv,2288,Netherlands
Mfro Inc.,mfro inc.,3759,Japan
Microbreweddomains.com LLC,microbreweddomains.com llc,1357,United States of America
Microsoft Corporation,microsoft corporation,1330,United States of America
"MidWestDomains, LLC","midwestdomains, llc",1671,United States of America
"Mighty Bay, LLC","mighty bay, llc",986,India
Millennial Names LLC,millennial names llc,2859,United States of America
"Misk.com, Inc.","misk.com, inc.",401,United States of America
MISTERNIC LLC,misternic llc,1255,United States of America
MOBIKAPP Limited,mobikapp limited,695,Israel
Moniker Online Services LLC,moniker online services llc,228,United States of America
"Moon Shot Domains, LLC","moon shot domains, llc",2349,United States of America
Mps Infotecnics Limited,mps infotecnics limited,249,India
Mvpdomainnames.com LLC,mvpdomainnames.com llc,1356,United States of America
Mypreciousdomain.com LLC,mypreciousdomain.com llc,1217,United States of America
Name Connection Area LLC,name connection area llc,2861,United States of America
Name Connection Spot LLC,name connection spot llc,2862,United States of America
Name Dot Store Inc,name dot store inc,1913,India
Name Find Source LLC,name find source llc,2863,United States of America
Name Icon LLC,name icon llc,2864,United States of America
"Name Nelly, LLC","name nelly, llc",755,United States of America
"Name Perfections, LLC","name perfections, llc",1125,India
"Name Share, Inc.","name share, inc.",667,United States of America
Name SRS AB,name srs ab,638,Sweden
"Name Thread, LLC","name thread, llc",753,United States of America
"Name To Fame, LLC","name to fame, llc",1104,India
"Name.com, Inc.","name.com, inc.",625,United States of America
"Name.net, Inc.","name.net, inc.",826,United States of America
"Name105, Inc.","name105, inc.",452,United States of America
"Name106, Inc.","name106, inc.",1040,United States of America
"Name117, Inc.","name117, inc.",1547,United States of America
Namearsenal.com LLC,namearsenal.com llc,1218,United States of America
NameBake LLC,namebake llc,1688,United States of America
Namebay SAM,namebay sam,88,Monaco
Namebeacon.Com Inc,namebeacon.com inc,3976,United States of America
NameBrew LLC,namebrew llc,1580,United States of America
NameCamp Limited,namecamp limited,2483,United Kingdom of Great Britain and Northern Ireland
Namecatch LLC,namecatch llc,2865,United States of America
Namecatch Zone LLC,namecatch zone llc,2866,United States of America
"NameCheap, Inc.","namecheap, inc.",1068,United States of America
NameChild LLC,namechild llc,1689,United States of America
NameCrane LLC,namecrane llc,4329,United States of America
Namecroc.com LLC,namecroc.com llc,1219,United States of America
Nameemperor.com LLC,nameemperor.com llc,1220,United States of America
Namefinger.com LLC,namefinger.com llc,1221,United States of America
NameForward LLC,nameforward llc,1577,United States of America
Namegrab LLC,namegrab llc,2867,United States of America
NameJolt.com LLC,namejolt.com llc,1537,United States of America
Nameling.com LLC,nameling.com llc,1539,United States of America
NameMart Pte. Ltd.,namemart pte. ltd.,4162,Singapore
"NamePal.com #8001, LLC","namepal.com #8001, llc",719,United States of America
"NamePal.com #8002, LLC","namepal.com #8002, llc",743,United States of America
"NamePal.com #8004, LLC","namepal.com #8004, llc",734,United States of America
"NamePal.com #8006, LLC","namepal.com #8006, llc",780,United States of America
"NamePal.com #8007, LLC","namepal.com #8007, llc",781,United States of America
"NamePal.com #8008, LLC","namepal.com #8008, llc",682,United States of America
"NamePal.com #8009, LLC","namepal.com #8009, llc",785,United States of America
"NamePal.com #8010, LLC","namepal.com #8010, llc",1022,United States of America
"NamePal.com #8011, LLC","namepal.com #8011, llc",1023,United States of America
"NamePal.com #8012, LLC","namepal.com #8012, llc",1024,United States of America
"NamePal.com #8013, LLC","namepal.com #8013, llc",1025,United States of America
"NamePal.com #8014, LLC","namepal.com #8014, llc",1026,United States of America
"NamePal.com #8015, LLC","namepal.com #8015, llc",1027,United States of America
"NamePal.com #8016, LLC","namepal.com #8016, llc",1028,United States of America
"NamePal.com #8017, LLC","namepal.com #8017, llc",1029,United States of America
"NamePal.com #8018, LLC","namepal.com #8018, llc",1031,United States of America
"NamePal.com #8019, LLC","namepal.com #8019, llc",792,United States of America
"NamePal.com #8021, LLC","namepal.com #8021, llc",782,United States of America
"NamePal.com #8023, LLC","namepal.com #8023, llc",748,United States of America
"NamePal.com #8024, LLC","namepal.com #8024, llc",762,United States of America
"NamePal.com #8025, LLC","namepal.com #8025, llc",763,United States of America
"NamePal.com #8026, LLC","namepal.com #8026, llc",771,United States of America
"NamePal.com #8027, LLC","namepal.com #8027, llc",1633,United States of America
"NamePal.com #8028, LLC","namepal.com #8028, llc",653,United States of America
"NamePal.com, LLC","namepal.com, llc",997,United States of America
Namepanther.com LLC,namepanther.com llc,1344,United States of America
Names Express LLC,names express llc,2868,United States of America
Names On The Drop LLC,names on the drop llc,2869,United States of America
Names Stop Here LLC,names stop here llc,2870,United States of America
Namesalacarte.com LLC,namesalacarte.com llc,1343,United States of America
NameSaller LLC,namesaller llc,4546,United States of America
Namesaplenty LLC,namesaplenty llc,2871,United States of America
Namesaw.Com Inc,namesaw.com inc,3977,United States of America
NameSay LLC,namesay llc,1567,United States of America
Namescout Ltd,namescout ltd,186,Turks and Caicos Islands
NameSector LLC,namesector llc,1566,United States of America
NameSecure L.L.C.,namesecure l.l.c.,30,United States of America
"Nameselite, LLC","nameselite, llc",2240,United States of America
NamesHere LLC,nameshere llc,1610,United States of America
Nameshield SAS,nameshield sas,1251,France
"NameSilo, LLC","namesilo, llc",1479,United States of America
Namesnap LLC,namesnap llc,2872,United States of America
NameSnapper LLC,namesnapper llc,2873,United States of America
Namesource LLC,namesource llc,2874,United States of America
"Namesourcedomains, LLC","namesourcedomains, llc",2241,United States of America
Namespro Solutions Inc.,namespro solutions inc.,1895,Canada
Namestop LLC,namestop llc,2875,United States of America
NameStrategies LLC,namestrategies llc,1573,United States of America
NameTell.com LLC,nametell.com llc,1538,United States of America
Nametrust Inc.,nametrust inc.,4315,United States of America
NameTurn LLC,nameturn llc,1616,United States of America
Namevolcano.com LLC,namevolcano.com llc,1342,United States of America
NameWeb BVBA,nameweb bvba,1464,Belgium
Namewinner LLC,namewinner llc,2876,United States of America
"Namezero, LLC","namezero, llc",606,United States of America
"Namware.com, LLC","namware.com, llc",1664,India
Navicosoft Pty Ltd,navicosoft pty ltd,4147,Australia
"Need Servers, LLC","need servers, llc",1124,India
NEEN S.p.A.,neen s.p.a.,1492,Italy
"Neo Strive, LLC D/B/A Domtake","neo strive, llc d/b/a domtake",4146,India
"Nerd Names, LLC","nerd names, llc",750,United States of America
"Net Juggler, LLC","net juggler, llc",1100,India
"Net-Chinese Co., Ltd.","net-chinese co., ltd.",1336,"Taipei, Chinese"
NetArt Registrar Sp. z o.o.,netart registrar sp. z o.o.,1456,Poland
"Netdorm, Inc. dba DnsExit.com","netdorm, inc. dba dnsexit.com",887,United States of America
NetEarth One Inc. d/b/a NetEarth,netearth one inc. d/b/a netearth,1005,United Kingdom of Great Britain and Northern Ireland
"Netestate, LLC","netestate, llc",974,United States of America
NETIM SAS,netim sas,1519,France
Netistrar Limited,netistrar limited,1755,United Kingdom of Great Britain and Northern Ireland
"Netowl, Inc.","netowl, inc.",1557,Japan
"Netpia.com, Inc.","netpia.com, inc.",130,"Korea, Republic of"
Netregistry Wholesale Pty Ltd,netregistry wholesale pty ltd,13,United Kingdom of Great Britain and Northern Ireland
NetTuner Corp. dba Webmasters.com,nettuner corp. dba webmasters.com,634,United States of America
Network Information Center S.A. de C.V.,network information center s.a. de c.v.,4320,Mexico
"Network Savior, LLC","network savior, llc",1102,India
"Network Solutions, LLC","network solutions, llc",2,United States of America
NetZone AG,netzone ag,2918,Switzerland
Neubox Internet S.A. de C.V.,neubox internet s.a. de c.v.,1483,Mexico
NEUDOMAIN LLC,neudomain llc,1254,United States of America
"New Order Domains, LLC","new order domains, llc",2242,United States of America
Nexigen Digital Pty Ltd,nexigen digital pty ltd,2281,Australia
NextName B.V.,nextname b.v.,1587,Netherlands
Nfly Digital Pte Limited,nfly digital pte limited,3790,"Hong Kong, China"
Nhan Hoa Software Company Ltd.,nhan hoa software company ltd.,1710,Viet Nam
"NICENIC INTERNATIONAL GROUP CO., LIMITED","nicenic international group co., limited",3765,"Hong Kong, China"
"NicNames, Inc.","nicnames, inc.",4156,United States of America
NICREG LLC,nicreg llc,1253,United States of America
Nics Telekomunikasyon A.S.,nics telekomunikasyon a.s.,1454,Türkiye
Nikko Reg LLP,nikko reg llp,840,Russian Federation
"Niuedomains, LLC","niuedomains, llc",870,United States of America
"Nom Infinitum, LLC","nom infinitum, llc",703,United States of America
Nom-iq Ltd. dba COM LAUDE,nom-iq ltd. dba com laude,470,United Kingdom of Great Britain and Northern Ireland
Nombre Ltd,nombre ltd,4333,United Kingdom of Great Britain and Northern Ireland
Nomeo BV,nomeo bv,4148,Belgium
Nominalia Internet SL,nominalia internet sl,76,Spain
Nominet Registrar Services Limited,nominet registrar services limited,1708,United Kingdom of Great Britain and Northern Ireland
Nominus.com LLC,nominus.com llc,4150,United States of America
NordNet SA,nordnet sa,68,France
"NorthNames, LLC","northnames, llc",1643,United States of America
"Noteworthydomains, LLC","noteworthydomains, llc",2243,United States of America
NoticedDomains LLC,noticeddomains llc,1690,United States of America
NotSoFamousNames.com LLC,notsofamousnames.com llc,1222,United States of America
Number One Web Hosting Limited,number one web hosting limited,1712,China
Nura Company Limited,nura company limited,4321,"Hong Kong, China"
Nuxit,nuxit,820,France
Octopusdomains.net LLC,octopusdomains.net llc,1223,United States of America
ODTÜ Geliştirme Vakfi Bilgi Teknolojileri Sanayi Ve Ticaret Anonim Şirketi,odtü geliştirme vakfi bilgi teknolojileri sanayi ve ticaret anonim şirketi,3871,Türkiye
"Old Tyme Domains, LLC","old tyme domains, llc",2350,United States of America
OldTownDomains.com LLC,oldtowndomains.com llc,1224,United States of America
OldWorldAliases.com LLC,oldworldaliases.com llc,1225,United States of America
"Omnis Network, LLC","omnis network, llc",143,United States of America
"One Putt, LLC","one putt, llc",923,United States of America
One.com A/S,one.com a/s,1462,Denmark
"OnlineNIC, Inc.","onlinenic, inc.",82,United States of America
Onpassive Technologies L.L.C,onpassive technologies l.l.c,1332,United Arab Emirates
OPENNAME LLC,openname llc,1252,United States of America
OpusDNS GmbH,opusdns gmbh,4340,Germany
ORANGE,orange,14,France
OrangeHost LLC,orangehost llc,4335,United States of America
OregonEU.com LLC,oregoneu.com llc,1226,United States of America
OregonURLs.com LLC,oregonurls.com llc,1227,United States of America
"Osir, Inc.","osir, inc.",4332,United States of America
Ourdomains Limited,ourdomains limited,1654,China
OVH sas,ovh sas,433,France
"Own Identity, Inc.","own identity, inc.",985,Italy
"OwnRegistrar, Inc.","ownregistrar, inc.",1250,United States of America
P.A. Viet Nam Company Limited,p.a. viet nam company limited,1649,Viet Nam
"PacificDomains, LLC","pacificdomains, llc",1672,United States of America
Paimi Inc,paimi inc,777,United States of America
"Painted Pony Names, LLC","painted pony names, llc",2244,United States of America
"pair Networks, Inc. d/b/a pair Domains","pair networks, inc. d/b/a pair domains",99,United States of America
Paknic (Private) Limited,paknic (private) limited,1367,United States of America
Pan Domains Limited,pan domains limited,4338,United Kingdom of Great Britain and Northern Ireland
"Pararescuedomains.com, LLC","pararescuedomains.com, llc",2265,United States of America
"Patmos Hosting, Inc.","patmos hosting, inc.",4154,United States of America
PDR Ltd. d/b/a PublicDomainRegistry.com,pdr ltd. d/b/a publicdomainregistry.com,303,India
PDXPrivateNames.com LLC,pdxprivatenames.com llc,1228,United States of America
PE Overseas Limited,pe overseas limited,3226,United Arab Emirates
PearlNamingService.com LLC,pearlnamingservice.com llc,1229,United States of America
"Pink Elephant Domains, LLC","pink elephant domains, llc",2266,United States of America
"Pipeline Domains, LLC","pipeline domains, llc",2245,United States of America
PlanetHoster Inc.,planethoster inc.,2476,Canada
"Platinum Registrar, LLC","platinum registrar, llc",1117,India
PocketDomain.com Inc.,pocketdomain.com inc.,913,"Hong Kong, China"
Porkbun LLC,porkbun llc,1861,United States of America
PortlandNames.com LLC,portlandnames.com llc,1230,United States of America
Porto Software LLC,porto software llc,4159,Georgia
"Postaldomains, LLC","postaldomains, llc",914,United States of America
"Power Carrier, LLC","power carrier, llc",1101,India
"Power Namers, LLC","power namers, llc",1128,India
Powered by Domain.com LLC,powered by domain.com llc,1593,United States of America
PresidentialDomains LLC,presidentialdomains llc,1617,United States of America
"PrivacyPost, LLC","privacypost, llc",848,United States of America
"Private Domains, LLC","private domains, llc",915,United States of America
"Promo People, Inc.","promo people, inc.",1591,Canada
ProNamed LLC,pronamed llc,1579,United States of America
Protondomains.com LLC,protondomains.com llc,1231,United States of America
PS Internet Company LLP,ps internet company llp,4038,Kazakhstan
"PSI-Japan, Inc.","psi-japan, inc.",78,Japan
PT Aksara Data Digital,pt aksara data digital,4029,Indonesia
PT Ardh Global Indonesia,pt ardh global indonesia,1503,Indonesia
PT Biznet GIO Nusantara,pt biznet gio nusantara,3773,Indonesia
Purple IT Ltd,purple it ltd,3861,Bangladesh
"Qinghai Yunnet Electronics Technology Co., Ltd","qinghai yunnet electronics technology co., ltd",3820,China
Rabbitsfoot.com LLC d/b/a Oxygen.nyc,rabbitsfoot.com llc d/b/a oxygen.nyc,3238,United States of America
Rainydaydomains.com LLC,rainydaydomains.com llc,1351,United States of America
"Rally Cry Domains, LLC","rally cry domains, llc",2351,United States of America
"Rank USA, LLC","rank usa, llc",961,India
Rare Gem Domains LLC,rare gem domains llc,2877,United States of America
Realtime Register B.V.,realtime register b.v.,839,Netherlands
Rebel Ltd,rebel ltd,600,Turks and Caicos Islands
Rebel.ca Corp.,rebel.ca corp.,735,Canada
ReclaimDomains LLC,reclaimdomains llc,1691,United States of America
"Regional Network Information Center, JSC dba RU-CENTER","regional network information center, jsc dba ru-center",463,Russian Federation
"Register Names, LLC","register names, llc",658,United States of America
Register SpA,register spa,168,Italy
Register.ca Inc.,register.ca inc.,1375,Canada
"Register.com - Network Solutions, LLC","register.com - network solutions, llc",9,United States of America
"Register4Less, Inc.","register4less, inc.",1082,Canada
Registrar of Domain Names REG.RU LLC,registrar of domain names reg.ru llc,1606,Russian Federation
Registrar R01 LLC,registrar r01 llc,1426,Russian Federation
RegistrarDirect LLC,registrardirect llc,1692,United States of America
"RegistrarSafe, LLC","registrarsafe, llc",3237,United States of America
RegistrarSEC LLC,registrarsec llc,2475,United States of America
Registrator Domenov LLC,registrator domenov llc,3224,Russian Federation
RegistryGate GmbH,registrygate gmbh,1328,Germany
Regtime Ltd.,regtime ltd.,1362,Russian Federation
Reliable Software,reliable software,3246,Belarus
"Retail Domains, LLC","retail domains, llc",1054,United States of America
"Ripcord Domains, LLC","ripcord domains, llc",2267,United States of America
"Ripcurl Domains, LLC","ripcurl domains, llc",2268,United States of America
"Riptide Domains, LLC","riptide domains, llc",2269,United States of America
RiVidium Inc.,rividium inc.,3856,United States of America
rockenstein AG,rockenstein ag,605,Germany
SafeBrands SAS,safebrands sas,1290,France
SafeNames Ltd.,safenames ltd.,447,United Kingdom of Great Britain and Northern Ireland
SALENAMES LTD,salenames ltd,1752,Russian Federation
Salestrar EOOD,salestrar eood,3959,Bulgaria
Salvage Ltd,salvage ltd,4339,United Kingdom of Great Britain and Northern Ireland
"Samjung Data Service Co., Ltd","samjung data service co., ltd",1333,"Korea, Republic of"
Sammamishdomains.com LLC,sammamishdomains.com llc,1350,United States of America
"Samoandomains, LLC","samoandomains, llc",871,United States of America
Santiamdomains.com LLC,santiamdomains.com llc,1349,United States of America
"Sav.com, LLC","sav.com, llc",609,United States of America
"Sav.com, LLC - 1","sav.com, llc - 1",3891,United States of America
"Sav.com, LLC - 10","sav.com, llc - 10",3900,United States of America
"Sav.com, LLC - 11","sav.com, llc - 11",3901,United States of America
"Sav.com, LLC - 12","sav.com, llc - 12",3902,United States of America
"Sav.com, LLC - 13","sav.com, llc - 13",3903,United States of America
"Sav.com, LLC - 14","sav.com, llc - 14",3904,United States of America
"Sav.com, LLC - 15","sav.com, llc - 15",3905,United States of America
"Sav.com, LLC - 16","sav.com, llc - 16",3906,United States of America
"Sav.com, LLC - 17","sav.com, llc - 17",3907,United States of America
"Sav.com, LLC - 18","sav.com, llc - 18",3908,United States of America
"Sav.com, LLC - 19","sav.com, llc - 19",3909,United States of America
"Sav.com, LLC - 2","sav.com, llc - 2",3892,United States of America
"Sav.com, LLC - 20","sav.com, llc - 20",3910,United States of America
"Sav.com, LLC - 21","sav.com, llc - 21",3911,United States of America
"Sav.com, LLC - 22","sav.com, llc - 22",3912,United States of America
"Sav.com, LLC - 23","sav.com, llc - 23",3913,United States of America
"Sav.com, LLC - 24","sav.com, llc - 24",3914,United States of America
"Sav.com, LLC - 25","sav.com, llc - 25",3915,United States of America
"Sav.com, LLC - 26","sav.com, llc - 26",3916,United States of America
"Sav.com, LLC - 27","sav.com, llc - 27",3917,United States of America
"Sav.com, LLC - 28","sav.com, llc - 28",3918,United States of America
"Sav.com, LLC - 29","sav.com, llc - 29",3919,United States of America
"Sav.com, LLC - 3","sav.com, llc - 3",3893,United States of America
"Sav.com, LLC - 30","sav.com, llc - 30",3920,United States of America
"Sav.com, LLC - 31","sav.com, llc - 31",3921,United States of America
"Sav.com, LLC - 32","sav.com, llc - 32",3922,United States of America
"Sav.com, LLC - 33","sav.com, llc - 33",3923,United States of America
"Sav.com, LLC - 34","sav.com, llc - 34",3924,United States of America
"Sav.com, LLC - 35","sav.com, llc - 35",3925,United States of America
"Sav.com, LLC - 36","sav.com, llc - 36",3926,United States of America
"Sav.com, LLC - 37","sav.com, llc - 37",3927,United States of America
"Sav.com, LLC - 38","sav.com, llc - 38",3928,United States of America
"Sav.com, LLC - 39","sav.com, llc - 39",3929,United States of America
"Sav.com, LLC - 4","sav.com, llc - 4",3894,United States of America
"Sav.com, LLC - 40","sav.com, llc - 40",3930,United States of America
"Sav.com, LLC - 41","sav.com, llc - 41",3931,United States of America
"Sav.com, LLC - 42","sav.com, llc - 42",3932,United States of America
"Sav.com, LLC - 43","sav.com, llc - 43",3933,United States of America
"Sav.com, LLC - 44","sav.com, llc - 44",3934,United States of America
"Sav.com, LLC - 45","sav.com, llc - 45",3935,United States of America
"Sav.com, LLC - 46","sav.com, llc - 46",3936,United States of America
"Sav.com, LLC - 47","sav.com, llc - 47",3937,United States of America
"Sav.com, LLC - 48","sav.com, llc - 48",3938,United States of America
"Sav.com, LLC - 49","sav.com, llc - 49",3939,United States of America
"Sav.com, LLC - 5","sav.com, llc - 5",3895,United States of America
"Sav.com, LLC - 50","sav.com, llc - 50",3940,United States of America
"Sav.com, LLC - 6","sav.com, llc - 6",3896,United States of America
"Sav.com, LLC - 7","sav.com, llc - 7",3897,United States of America
"Sav.com, LLC - 8","sav.com, llc - 8",3898,United States of America
"Sav.com, LLC - 9","sav.com, llc - 9",3899,United States of America
Savethename.com LLC,savethename.com llc,1348,United States of America
"SBSNames, LLC","sbsnames, llc",917,United States of America
Scaleway SAS,scaleway sas,74,France
"Sea Wasp, LLC","sea wasp, llc",411,United States of America
SeaArea Group Limited,seaarea group limited,3805,"Hong Kong, China"
"SearchNResQ, LLC","searchnresq, llc",1055,United States of America
"Second Genistrar, LLC","second genistrar, llc",3887,United States of America
Secondround Names LLC,secondround names llc,2878,United States of America
Secura GmbH,secura gmbh,111,Germany
"Secure Registrar, Inc.","secure registrar, inc.",1084,United States of America
SecureBackorder EOOD,securebackorder eood,3958,Bulgaria
"SecureName, Inc.","securename, inc.",4548,United States of America
Sedo.com LLC,sedo.com llc,1372,United States of America
SEO Domains EOOD,seo domains eood,4161,Bulgaria
Server Plan Srl,server plan srl,1460,Italy
SH Online İletişim A.Ş.,sh online i̇letişim a.ş.,4324,Türkiye
"Shandong Huaimi Network Technology Co., Ltd","shandong huaimi network technology co., ltd",3848,China
"Shanghai Best Oray Information S&T Co., Ltd.","shanghai best oray information s&t co., ltd.",1518,China
"Shanghai Meicheng Technology Information Development Co., Ltd.","shanghai meicheng technology information development co., ltd.",1621,China
"Shanghai Sundns Information Technology Co., Ltd.","shanghai sundns information technology co., ltd.",4317,China
"Shanghai Yovole Networks, Inc.","shanghai yovole networks, inc.",1470,China
"ShangYu Global Technology Co., Ltd.","shangyu global technology co., ltd.",3813,China
Sharkweek Domains LLC,sharkweek domains llc,2879,United States of America
Shenzhen Analysis Build Technology Service Limited,shenzhen analysis build technology service limited,1916,China
"SHENZHEN EIMS INFORMATION TECHNOLOGY CO. ,LTD","shenzhen eims information technology co. ,ltd",2485,China
"Shenzhen HuLianXianFeng Technology Co.,LTD","shenzhen hulianxianfeng technology co.,ltd",1734,China
"Shenzhen Ping An Communication Technology Co., Ltd.","shenzhen ping an communication technology co., ltd.",3842,China
"Shining Star Domains, LLC","shining star domains, llc",2246,United States of America
Shinjiru Technology Sdn Bhd,shinjiru technology sdn bhd,1741,Malaysia
"Sicherregister, LLC","sicherregister, llc",751,United States of America
Silver Domain Names LLC,silver domain names llc,2880,United States of America
Silverbackdomains.com LLC,silverbackdomains.com llc,1347,United States of America
SINO PROFIT (HONG KONG) LIMITED,sino profit (hong kong) limited,3791,"Hong Kong, China"
Site Matrix LLC,site matrix llc,1452,Puerto Rico
Sitefrenzy.com LLC,sitefrenzy.com llc,1346,United States of America
SiteName Ltd.,sitename ltd.,437,Israel
"Sky Clear Co., Ltd.","sky clear co., ltd.",3243,Japan
Skykomishdomains.com LLC,skykomishdomains.com llc,1232,United States of America
Slamdunk Domains LLC,slamdunk domains llc,2881,United States of America
"Sliceofheaven Domains, LLC","sliceofheaven domains, llc",2247,United States of America
Slow Motion Domains LLC,slow motion domains llc,2882,United States of America
Slow Putt Domains LLC,slow putt domains llc,2883,United States of America
"Small Business Names And Certs, LLC","small business names and certs, llc",918,United States of America
"Small World Communications, Inc.","small world communications, inc.",1553,United States of America
Snag Your Name LLC,snag your name llc,2884,United States of America
"SNAPNAMES 1, LLC","snapnames 1, llc",708,United States of America
"SNAPNAMES 10, LLC","snapnames 10, llc",1012,United States of America
"SNAPNAMES 11, LLC","snapnames 11, llc",1013,United States of America
"SNAPNAMES 12, LLC","snapnames 12, llc",1014,United States of America
"SNAPNAMES 13, LLC","snapnames 13, llc",1033,United States of America
"SNAPNAMES 14, LLC","snapnames 14, llc",1034,United States of America
"SNAPNAMES 15, LLC","snapnames 15, llc",1035,United States of America
"SNAPNAMES 16, LLC","snapnames 16, llc",1036,United States of America
"SNAPNAMES 17, LLC","snapnames 17, llc",1037,United States of America
"SNAPNAMES 18, LLC","snapnames 18, llc",1038,United States of America
"SNAPNAMES 19, LLC","snapnames 19, llc",1048,United States of America
"SNAPNAMES 2, LLC","snapnames 2, llc",752,United States of America
"SNAPNAMES 20, LLC","snapnames 20, llc",1049,United States of America
"SNAPNAMES 21, LLC","snapnames 21, llc",1263,United States of America
"SNAPNAMES 22, LLC","snapnames 22, llc",1264,United States of America
"SNAPNAMES 23, LLC","snapnames 23, llc",1265,United States of America
"SNAPNAMES 24, LLC","snapnames 24, llc",1266,United States of America
"SNAPNAMES 25, LLC","snapnames 25, llc",1295,United States of America
"SNAPNAMES 26, LLC","snapnames 26, llc",1267,United States of America
"SNAPNAMES 27, LLC","snapnames 27, llc",1268,United States of America
"SNAPNAMES 28, LLC","snapnames 28, llc",1269,United States of America
"SNAPNAMES 29, LLC","snapnames 29, llc",1270,United States of America
"SNAPNAMES 3, LLC","snapnames 3, llc",1044,United States of America
"SNAPNAMES 30, LLC","snapnames 30, llc",1271,United States of America
"SNAPNAMES 31, LLC","snapnames 31, llc",1272,United States of America
"SNAPNAMES 32, LLC","snapnames 32, llc",1273,United States of America
"SNAPNAMES 33, LLC","snapnames 33, llc",1274,United States of America
"SNAPNAMES 34, LLC","snapnames 34, llc",1275,United States of America
"SNAPNAMES 35, LLC","snapnames 35, llc",1276,United States of America
"SNAPNAMES 36, LLC","snapnames 36, llc",1050,United States of America
"SNAPNAMES 37, LLC","snapnames 37, llc",1277,United States of America
"SNAPNAMES 38, LLC","snapnames 38, llc",1278,United States of America
"SNAPNAMES 39, LLC","snapnames 39, llc",1279,United States of America
"SNAPNAMES 4, LLC","snapnames 4, llc",1045,United States of America
"SNAPNAMES 40, LLC","snapnames 40, llc",1302,United States of America
"SNAPNAMES 41, LLC","snapnames 41, llc",1280,United States of America
"SNAPNAMES 42, LLC","snapnames 42, llc",1304,United States of America
"SNAPNAMES 43, LLC","snapnames 43, llc",1309,United States of America
"SNAPNAMES 44, LLC","snapnames 44, llc",1310,United States of America
"SNAPNAMES 45, LLC","snapnames 45, llc",1292,United States of America
"SNAPNAMES 46, LLC","snapnames 46, llc",1305,United States of America
"SNAPNAMES 47, LLC","snapnames 47, llc",1307,United States of America
"SNAPNAMES 48, LLC","snapnames 48, llc",1294,United States of America
"SNAPNAMES 49, LLC","snapnames 49, llc",1293,United States of America
"SNAPNAMES 5, LLC","snapnames 5, llc",1046,United States of America
"SNAPNAMES 50, LLC","snapnames 50, llc",1308,United States of America
"SNAPNAMES 51, LLC","snapnames 51, llc",1281,United States of America
"SNAPNAMES 52, LLC","snapnames 52, llc",1282,United States of America
"SNAPNAMES 53, LLC","snapnames 53, llc",1283,United States of America
"SNAPNAMES 54, LLC","snapnames 54, llc",1284,United States of America
"SNAPNAMES 55, LLC","snapnames 55, llc",1285,United States of America
"SNAPNAMES 56, LLC","snapnames 56, llc",1286,United States of America
"SNAPNAMES 57, LLC","snapnames 57, llc",1301,United States of America
"SNAPNAMES 58, LLC","snapnames 58, llc",1296,United States of America
"SNAPNAMES 59, LLC","snapnames 59, llc",1312,United States of America
"SNAPNAMES 6, LLC","snapnames 6, llc",1047,United States of America
"SNAPNAMES 60, LLC","snapnames 60, llc",1287,United States of America
"SNAPNAMES 61, LLC","snapnames 61, llc",1288,United States of America
"SNAPNAMES 62, LLC","snapnames 62, llc",1289,United States of America
"SNAPNAMES 63, LLC","snapnames 63, llc",1300,United States of America
"SNAPNAMES 64, LLC","snapnames 64, llc",1314,United States of America
"SNAPNAMES 65, LLC","snapnames 65, llc",1297,United States of America
"SNAPNAMES 66, LLC","snapnames 66, llc",1303,United States of America
"SNAPNAMES 67, LLC","snapnames 67, llc",1306,United States of America
"SNAPNAMES 68, LLC","snapnames 68, llc",1299,United States of America
"SNAPNAMES 69, LLC","snapnames 69, llc",1313,United States of America
"SNAPNAMES 7, LLC","snapnames 7, llc",1008,United States of America
"SNAPNAMES 70, LLC","snapnames 70, llc",1311,United States of America
"SNAPNAMES 71, LLC","snapnames 71, llc",1051,United States of America
"SNAPNAMES 72, LLC","snapnames 72, llc",635,United States of America
"SNAPNAMES 73, LLC","snapnames 73, llc",646,United States of America
"SNAPNAMES 74, LLC","snapnames 74, llc",647,United States of America
"SNAPNAMES 75, LLC","snapnames 75, llc",650,United States of America
"SNAPNAMES 76, LLC","snapnames 76, llc",652,United States of America
"SNAPNAMES 77, LLC","snapnames 77, llc",654,United States of America
"SNAPNAMES 78, LLC","snapnames 78, llc",655,United States of America
"SNAPNAMES 79, LLC","snapnames 79, llc",656,United States of America
"SNAPNAMES 8, LLC","snapnames 8, llc",1009,United States of America
"SNAPNAMES 80, LLC","snapnames 80, llc",659,United States of America
"SNAPNAMES 81, LLC","snapnames 81, llc",661,United States of America
"SNAPNAMES 82, LLC","snapnames 82, llc",662,United States of America
"SNAPNAMES 83, LLC","snapnames 83, llc",663,United States of America
"SNAPNAMES 84, LLC","snapnames 84, llc",666,United States of America
"SNAPNAMES 85, LLC","snapnames 85, llc",672,United States of America
"SNAPNAMES 86, LLC","snapnames 86, llc",1057,United States of America
"SNAPNAMES 87, LLC","snapnames 87, llc",1061,United States of America
"SNAPNAMES 88, LLC","snapnames 88, llc",1065,United States of America
"SNAPNAMES 89, LLC","snapnames 89, llc",704,United States of America
"SNAPNAMES 9, LLC","snapnames 9, llc",1010,United States of America
"SNAPNAMES 90, LLC","snapnames 90, llc",1066,United States of America
"SNAPNAMES 91, LLC","snapnames 91, llc",1067,United States of America
"SNAPNAMES 92, LLC","snapnames 92, llc",1063,United States of America
"SNAPNAMES 93, LLC","snapnames 93, llc",1064,United States of America
"SNAPNAMES 94, LLC","snapnames 94, llc",1062,United States of America
"SNAPNAMES 95, LLC","snapnames 95, llc",1058,United States of America
"SNAPNAMES 96, LLC","snapnames 96, llc",1059,United States of America
"SNAPNAMES 97, LLC","snapnames 97, llc",1060,United States of America
"SNAPNAMES 98, LLC","snapnames 98, llc",1053,United States of America
Snappyregistrar.com LLC,snappyregistrar.com llc,1355,United States of America
Snapsource LLC,snapsource llc,2885,United States of America
Snoqulamiedomains.com LLC,snoqulamiedomains.com llc,1354,United States of America
"Soaring Eagle Domains, LLC","soaring eagle domains, llc",2270,United States of America
"Soldierofonedomains.com, LLC","soldierofonedomains.com, llc",2271,United States of America
Sollutium EU sp. z o.o.,sollutium eu sp. z o.o.,4545,Poland
"Soluciones Corporativas IP, SL","soluciones corporativas ip, sl",1383,Spain
"Sourced Domains, LLC","sourced domains, llc",2272,United States of America
"SouthNames, LLC","southnames, llc",1644,United States of America
Soyouwantadomain.com LLC,soyouwantadomain.com llc,1353,United States of America
"Spaceship, Inc.","spaceship, inc.",3862,United States of America
Squarespace Domains II LLC,squarespace domains ii llc,895,United States of America
Squarespace Domains LLC,squarespace domains llc,3827,United States of America
"SQUIDSAILERDOMAINS.COM, LLC","squidsailerdomains.com, llc",1751,United States of America
"Sssasss, LLC","sssasss, llc",754,United States of America
"Staclar, Inc.","staclar, inc.",3884,United States of America
Sterling Domains LLC,sterling domains llc,2886,United States of America
Sternforth Limited t/a Web World,sternforth limited t/a web world,3957,Ireland
Stichting Registrar of Last Resort Foundation,stichting registrar of last resort foundation,2482,Netherlands
"Stork R, informacijske storitve, d.o.o.","stork r, informacijske storitve, d.o.o.",1724,Slovenia
"Straight 8 Domains, LLC","straight 8 domains, llc",2352,United States of America
Strange Domains LLC,strange domains llc,4036,United States of America
"Streamline Domains, LLC","streamline domains, llc",2273,United States of America
"Sugar Cube Domains, LLC","sugar cube domains, llc",2274,United States of America
"Super Name World, LLC","super name world, llc",1147,India
Super Registry Ltd,super registry ltd,675,Turks and Caicos Islands
Suvan Net LLC,suvan net llc,4327,Uzbekistan
SW Hosting & Communications Technologies SL dba Serveisweb,sw hosting & communications technologies sl dba serveisweb,1407,Spain
Swordfish Domains LLC,swordfish domains llc,2887,United States of America
Synergy Wholesale Accreditations Pty Ltd,synergy wholesale accreditations pty ltd,1609,Australia
Tailor Brands Ltd,tailor brands ltd,4334,United States of America
Taiwan Network Information Center,taiwan network information center,1897,"Taipei, Chinese"
Taka Enterprise Ltd,taka enterprise ltd,1726,Japan
"Talal Abu Ghazaleh Intellectual Property ""AGIP"" S.A.L. (offshore)","talal abu ghazaleh intellectual property ""agip"" s.a.l. (offshore)",360,Jordan
Targeted Drop Catch LLC,targeted drop catch llc,2888,United States of America
Team Blue Internet Services IE Limited,team blue internet services ie limited,2906,Ireland
"Tech Tyrants, LLC","tech tyrants, llc",1107,India
"Tecnocrática Centro de Datos, S.L.","tecnocrática centro de datos, s.l.",1600,Spain
"Tecnologia, Desarrollo Y Mercado S. de R.L. de C.V.","tecnologia, desarrollo y mercado s. de r.l. de c.v.",1582,Honduras
Tencent Cloud Computing (Beijing) Limited Liability Company,tencent cloud computing (beijing) limited liability company,3755,China
Terranet (India) Private Limited,terranet (india) private limited,1337,India
The Domains LLC,the domains llc,2889,United States of America
The Namespace Group Pty Ltd,the namespace group pty ltd,836,Australia
The Registrar Company B.V.,the registrar company b.v.,1480,Netherlands
"The Registrar Service, LLC","the registrar service, llc",1144,India
"The Registry at Info Avenue, LLC d/b/a Spirit Communications","the registry at info avenue, llc d/b/a spirit communications",123,United States of America
TheNameCo LLC,thenameco llc,1535,United States of America
ThirdFloorDNS.com LLC,thirdfloordns.com llc,1233,United States of America
Thirdroundnames LLC,thirdroundnames llc,2890,United States of America
"Threadagent.com, Inc.","threadagent.com, inc.",1019,"Hong Kong, China"
Threepoint Domains LLC,threepoint domains llc,2891,United States of America
Tianjin Zhuiri Science and Technology Development Co Ltd,tianjin zhuiri science and technology development co ltd,1722,China
"Tiger Shark Domains, LLC","tiger shark domains, llc",2275,United States of America
Tiger Technologies LLC,tiger technologies llc,841,United States of America
Tirupati Domains and Hosting Pvt Ltd.,tirupati domains and hosting pvt ltd.,1500,India
"Titanic Hosting, LLC","titanic hosting, llc",957,India
TLD Registrar Pty Ltd,tld registrar pty ltd,1731,Australia
TLD Registrar Solutions Ltd.,tld registrar solutions ltd.,1564,United Kingdom of Great Britain and Northern Ireland
TLDS L.L.C. d/b/a SRSPlus,tlds l.l.c. d/b/a srsplus,320,United States of America
Tname Group Inc.,tname group inc.,1901,"Hong Kong, China"
"Todaynic.com, Inc.","todaynic.com, inc.",697,China
Tool Domains Ltd dba Edoms.com,tool domains ltd dba edoms.com,3840,Bulgaria
Top Level Domains LLC,top level domains llc,2892,United States of America
Top Pick Names LLC,top pick names llc,2893,United States of America
Top Shelf Domains LLC,top shelf domains llc,2894,United States of America
Top Tier Domains LLC,top tier domains llc,2895,United States of America
"Topsystem, LLC","topsystem, llc",975,United States of America
Total Web Solutions Limited,total web solutions limited,131,United Kingdom of Great Britain and Northern Ireland
TotallyDomain LLC,totallydomain llc,1693,United States of America
Touchdown Domains LLC,touchdown domains llc,2896,United States of America
"Trade Starter, LLC","trade starter, llc",1109,India
TradeNamed LLC,tradenamed llc,1578,United States of America
"Tradewinds Names, LLC","tradewinds names, llc",2248,United States of America
"Traffic Names, LLC","traffic names, llc",919,United States of America
"Travel Domains, LLC","travel domains, llc",920,United States of America
Treasure Trove Domains LLC,treasure trove domains llc,2897,United States of America
"Tropic Management Systems, Inc.","tropic management systems, inc.",959,United States of America
"Tube Registrar, LLC","tube registrar, llc",899,United States of America
Tucows Domains Inc.,tucows domains inc.,69,Canada
Tuonome.it Srl d/b/a APIsrs.com,tuonome.it srl d/b/a apisrs.com,380,Italy
Turbonames LLC,turbonames llc,2898,United States of America
Turkticaret.net Yazılım Hizmetleri Sanayi ve Ticaret A.Ş.,turkticaret.net yazılım hizmetleri sanayi ve ticaret a.ş.,819,Türkiye
"TurnCommerce, Inc. DBA NameBright.com","turncommerce, inc. dba namebright.com",1441,United States of America
"Tuvaludomains, LLC","tuvaludomains, llc",872,United States of America
Ubilibet S.L.,ubilibet s.l.,3802,Spain
Udamain.com LLC,udamain.com llc,945,United States of America
UdomainName.com LLC,udomainname.com llc,931,United States of America
UK Intis Telecom Ltd,uk intis telecom ltd,4030,United Kingdom of Great Britain and Northern Ireland
UK-2 Limited,uk-2 limited,84,United Kingdom of Great Britain and Northern Ireland
"Ultahost, Inc.","ultahost, inc.",4331,United States of America
"Ultra Registrar, LLC","ultra registrar, llc",1108,India
Unidata S.p.A.,unidata s.p.a.,1444,Italy
"Unified Servers, LLC","unified servers, llc",1106,India
united-domains GmbH,united-domains gmbh,1408,Germany
"Unitedkingdomdomains, LLC","unitedkingdomdomains, llc",873,United States of America
"Universal Registration Services, Inc. dba NewDentity.com","universal registration services, inc. dba newdentity.com",448,United States of America
"Unpower, LLC","unpower, llc",1105,India
Unstoppable Domains Inc.,unstoppable domains inc.,4326,United States of America
Upperlink Limited,upperlink limited,1749,Nigeria
"URL Solutions, Inc.","url solutions, inc.",1449,Cyprus
"V12 Domains, LLC","v12 domains, llc",2353,United States of America
"Vantage of Convergence (Chengdu) Technology Co., Ltd.","vantage of convergence (chengdu) technology co., ltd.",3869,China
Variomedia AG,variomedia ag,1257,Germany
Vautron Rechenzentrum AG,vautron rechenzentrum ag,1443,Germany
"Verelink, Inc.","verelink, inc.",1409,United States of America
"Veritas Domains, LLC","veritas domains, llc",2276,United States of America
"Vertex Names.com, LLC","vertex names.com, llc",1665,India
Vianames LLC,vianames llc,3873,United States of America
VIAWEB Inc.,viaweb inc.,3841,"Korea, Republic of"
Victorynames LLC,victorynames llc,2899,United States of America
VIRTUA DRUG Kutatási Szolgáltató Korlátolt Felelősségű Társaság,virtua drug kutatási szolgáltató korlátolt felelősségű társaság,3882,Hungary
Virtualia LLC,virtualia llc,3875,United States of America
"Visual Monster, LLC","visual monster, llc",1115,India
VisualNames LLC,visualnames llc,1615,United States of America
"Vitalwerks Internet Solutions, LLC DBA No-IP","vitalwerks internet solutions, llc dba no-ip",1327,United States of America
Vodien Internet Solutions Pte. Ltd.,vodien internet solutions pte. ltd.,1912,Singapore
"WangJu Brands Management Co., Ltd.","wangju brands management co., ltd.",3761,China
Wanyuhulian Technology Limited,wanyuhulian technology limited,3864,China
WDomain 1 Ltd,wdomain 1 ltd,4024,United Kingdom of Great Britain and Northern Ireland
WDomain 2 Ltd,wdomain 2 ltd,4025,United Kingdom of Great Britain and Northern Ireland
WDomain 3 Ltd,wdomain 3 ltd,4026,United Kingdom of Great Britain and Northern Ireland
WDomain 4 Ltd,wdomain 4 ltd,4027,United Kingdom of Great Britain and Northern Ireland
WDomain 5 Ltd,wdomain 5 ltd,4028,United Kingdom of Great Britain and Northern Ireland
WDomain Ltd,wdomain ltd,4023,United Kingdom of Great Britain and Northern Ireland
WDomain.Com Limited,wdomain.com limited,3961,"Hong Kong, China"
WDomain.Com1 Limited,wdomain.com1 limited,3962,"Hong Kong, China"
WDomain.Com2 Limited,wdomain.com2 limited,3963,"Hong Kong, China"
WDomain.Com3 Limited,wdomain.com3 limited,3964,"Hong Kong, China"
WDomain.Com4 Limited,wdomain.com4 limited,3965,"Hong Kong, China"
WDomain.Com5 Limited,wdomain.com5 limited,3966,"Hong Kong, China"
Web Commerce Communications Limited dba WebNic.cc,web commerce communications limited dba webnic.cc,460,"Virgin Islands, British"
"Webair Internet Development, Inc.","webair internet development, inc.",1326,United States of America
"Webempresa Europa, S.L.","webempresa europa, s.l.",3951,Spain
"Webhero, Inc.","webhero, inc.",112,United States of America
Webnames Limited,webnames limited,1909,Russian Federation
Webnames.ca Inc.,webnames.ca inc.,456,Canada
Webslice International Pte. Ltd,webslice international pte. ltd,4020,Singapore
"WEDOS Internet, a.s.","wedos internet, a.s.",3860,Czech Republic
West263 International Limited,west263 international limited,1915,"Hong Kong, China"
WhatIsYourDomain LLC,whatisyourdomain llc,1694,United States of America
WHC Online Solutions Inc.,whc online solutions inc.,938,Canada
"White Alligator Domains, LLC","white alligator domains, llc",2249,United States of America
"White Rhino Domains, LLC","white rhino domains, llc",2277,United States of America
"Whiteglove Domains, LLC","whiteglove domains, llc",921,United States of America
Whois Corp.,whois corp.,100,"Korea, Republic of"
Wide Left Domains LLC,wide left domains llc,2900,United States of America
Wide Right Domains LLC,wide right domains llc,2901,United States of America
"Wild Bunch Domains, LLC","wild bunch domains, llc",2278,United States of America
"Wild West Domains, LLC","wild west domains, llc",440,United States of America
"Wildzebradomains, LLC","wildzebradomains, llc",2250,United States of America
WillametteNames.com LLC,willamettenames.com llc,1234,United States of America
Win Names LLC,win names llc,2902,United States of America
"WingNames Co., Ltd.","wingnames co., ltd.",3242,Japan
"Wingu Networks, S.A. de C.V.","wingu networks, s.a. de c.v.",1424,United Kingdom of Great Britain and Northern Ireland
Wix.com Ltd.,wix.com ltd.,3817,Israel
World4You Internet Services GmbH,world4you internet services gmbh,1476,Austria
WorthyDomains LLC,worthydomains llc,1571,United States of America
WWWMonitor Inc.,wwwmonitor inc.,4322,Canada
Xi'an Qianxi Network Technology Co. Ltd.,xi'an qianxi network technology co. ltd.,3825,China
"Xiamen 35.com Information Co., Ltd.","xiamen 35.com information co., ltd.",4163,China
"Xiamen Booksir Qiyoutong Technology Co., Ltd.","xiamen booksir qiyoutong technology co., ltd.",3223,China
"Xiamen ChinaSource Internet Service Co., Ltd","xiamen chinasource internet service co., ltd",1366,China
"Xiamen DCAS Technology Co., Ltd.","xiamen dcas technology co., ltd.",3852,China
"Xiamen Dianmei Network Technology Co., Ltd.","xiamen dianmei network technology co., ltd.",1904,China
"Xiamen Domains, Inc.","xiamen domains, inc.",1905,"Hong Kong, China"
"Xiamen Nawang Technology Co., Ltd","xiamen nawang technology co., ltd",1655,China
"Xiamen Yuwang Technology Co., LTD","xiamen yuwang technology co., ltd",3232,China
Xin Net Technology Corporation,xin net technology corporation,120,China
"Xinyang 171cloud Co., Ltd.","xinyang 171cloud co., ltd.",3889,China
xTom GmbH,xtom gmbh,3968,Germany
Yelles AB,yelles ab,3867,Sweden
"Yellow Start, LLC","yellow start, llc",1126,India
YouDamain.com LLC,youdamain.com llc,933,United States of America
"Your Domain Casa, LLC","your domain casa, llc",2279,United States of America
"Your Domain King, LLC","your domain king, llc",1143,India
Your Domain LLC,your domain llc,2903,United States of America
"Yunnan Landui Cloud Computing Co., Ltd.","yunnan landui cloud computing co., ltd.",4157,China
ZDNS Innovate International Limited,zdns innovate international limited,4151,"Hong Kong, China"
ZeroFox Inc.,zerofox inc.,3969,United States of America
"Zhengzhou Century Connect Electronic Technology Development Co., Ltd","zhengzhou century connect electronic technology development co., ltd",2805,China
"Zhengzhou Longming Network Technology Co., Ltd","zhengzhou longming network technology co., ltd",3970,China
Zhuimi Inc,zhuimi inc,776,United States of America
ZigZagNames.com LLC,zigzagnames.com llc,1235,United States of America
Zinc Domain Names LLC,zinc domain names llc,2904,United States of America
Zname Ltd,zname ltd,4042,"Marshall Islands, Republic of the"
Zoho Corporation Private Limited,zoho corporation private limited,3803,India
"Zone Casting, LLC","zone casting, llc",1127,India
Zone of Domains LLC,zone of domains llc,2905,United States of America
ZoomRegistrar LLC,zoomregistrar llc,1575,United States of America
"Zuffix, Inc.","zuffix, inc.",4143,United States of America
ZYSM Technologies Limited,zysm technologies limited,3783,"Hong Kong, China"
Çizgi Telekomunikasyon A.Ş.,çizgi telekomunikasyon a.ş.,1534,Türkiye
